"STATION","NAME","DATE","TMAX","TMIN"
"USC00083909","HIALEAH, FL US","1993-08-18","94","75"
"USC00083909","HIALEAH, FL US","1993-08-19","95","74"
"USC00083909","HIALEAH, FL US","1993-08-20","96","76"
"USC00083909","HIALEAH, FL US","1993-08-21","95","80"
"USC00083909","HIALEAH, FL US","1993-08-22","97","76"
"USC00083909","HIALEAH, FL US","1993-08-23","93","75"
"USC00083909","HIALEAH, FL US","1993-08-24","93","76"
"USC00083909","HIALEAH, FL US","1993-08-25","85","71"
"USC00083909","HIALEAH, FL US","1993-08-26","90","73"
"USC00083909","HIALEAH, FL US","1993-08-27","91","75"
"USC00083909","HIALEAH, FL US","1993-08-28","91","77"
"USC00083909","HIALEAH, FL US","1993-08-29","92","74"
"USC00083909","HIALEAH, FL US","1993-08-30","89","72"
"USC00083909","HIALEAH, FL US","1993-08-31","91","74"
"USC00083909","HIALEAH, FL US","1993-09-01","92","74"
"USC00083909","HIALEAH, FL US","1993-09-02","91","73"
"USC00083909","HIALEAH, FL US","1993-09-03","90","77"
"USC00083909","HIALEAH, FL US","1993-09-04","92","79"
"USC00083909","HIALEAH, FL US","1993-09-05","92","78"
"USC00083909","HIALEAH, FL US","1993-09-06","93","75"
"USC00083909","HIALEAH, FL US","1993-09-07","91","77"
"USC00083909","HIALEAH, FL US","1993-09-08","91","76"
"USC00083909","HIALEAH, FL US","1993-09-09","92","78"
"USC00083909","HIALEAH, FL US","1993-09-10","93","69"
"USC00083909","HIALEAH, FL US","1993-09-11","94","74"
"USC00083909","HIALEAH, FL US","1993-09-12","90","74"
"USC00083909","HIALEAH, FL US","1993-09-13","90","74"
"USC00083909","HIALEAH, FL US","1993-09-14","83","73"
"USC00083909","HIALEAH, FL US","1993-09-15","86","74"
"USC00083909","HIALEAH, FL US","1993-09-16","90","75"
"USC00083909","HIALEAH, FL US","1993-09-17","90","78"
"USC00083909","HIALEAH, FL US","1993-09-18","90","78"
"USC00083909","HIALEAH, FL US","1993-09-19","90","76"
"USC00083909","HIALEAH, FL US","1993-09-20","91","79"
"USC00083909","HIALEAH, FL US","1993-09-21","91","77"
"USC00083909","HIALEAH, FL US","1993-09-22","84","75"
"USC00083909","HIALEAH, FL US","1993-09-23","90","75"
"USC00083909","HIALEAH, FL US","1993-09-24","91","75"
"USC00083909","HIALEAH, FL US","1993-09-25","90","73"
"USC00083909","HIALEAH, FL US","1993-09-26","92","76"
"USC00083909","HIALEAH, FL US","1993-09-27","91","75"
"USC00083909","HIALEAH, FL US","1993-09-28","88","74"
"USC00083909","HIALEAH, FL US","1993-09-29","88","73"
"USC00083909","HIALEAH, FL US","1993-09-30","88","70"
"USC00083909","HIALEAH, FL US","1993-10-01","88","75"
"USC00083909","HIALEAH, FL US","1993-10-02","87","74"
"USC00083909","HIALEAH, FL US","1993-10-03","87","73"
"USC00083909","HIALEAH, FL US","1993-10-04","87","74"
"USC00083909","HIALEAH, FL US","1993-10-05","87","74"
"USC00083909","HIALEAH, FL US","1993-10-06","91","74"
"USC00083909","HIALEAH, FL US","1993-10-07","91","77"
"USC00083909","HIALEAH, FL US","1993-10-08","91","73"
"USC00083909","HIALEAH, FL US","1993-10-09","89","72"
"USC00083909","HIALEAH, FL US","1993-10-10","93","72"
"USC00083909","HIALEAH, FL US","1993-10-11","91","73"
"USC00083909","HIALEAH, FL US","1993-10-12","89","72"
"USC00083909","HIALEAH, FL US","1993-10-13","88","71"
"USC00083909","HIALEAH, FL US","1993-10-14","87","72"
"USC00083909","HIALEAH, FL US","1993-10-15","88","77"
"USC00083909","HIALEAH, FL US","1993-10-16","88","70"
"USC00083909","HIALEAH, FL US","1993-10-17","90","69"
"USC00083909","HIALEAH, FL US","1993-10-18","91","69"
"USC00083909","HIALEAH, FL US","1993-10-19","87","65"
"USC00083909","HIALEAH, FL US","1993-10-20","89","76"
"USC00083909","HIALEAH, FL US","1993-10-21","89","76"
"USC00083909","HIALEAH, FL US","1993-10-22","87","74"
"USC00083909","HIALEAH, FL US","1993-10-23","88","75"
"USC00083909","HIALEAH, FL US","1993-10-24","89","71"
"USC00083909","HIALEAH, FL US","1993-10-25","89","73"
"USC00083909","HIALEAH, FL US","1993-10-26","90","73"
"USC00083909","HIALEAH, FL US","1993-10-27","89","71"
"USC00083909","HIALEAH, FL US","1993-10-28","91","71"
"USC00083909","HIALEAH, FL US","1993-10-29","89","71"
"USC00083909","HIALEAH, FL US","1993-10-30","90","72"
"USC00083909","HIALEAH, FL US","1993-10-31","77","51"
"USC00083909","HIALEAH, FL US","1993-11-01","69","53"
"USC00083909","HIALEAH, FL US","1993-11-02","78","61"
"USC00083909","HIALEAH, FL US","1993-11-03","82","65"
"USC00083909","HIALEAH, FL US","1993-11-04","84","69"
"USC00083909","HIALEAH, FL US","1993-11-05","86","69"
"USC00083909","HIALEAH, FL US","1993-11-06","88","71"
"USC00083909","HIALEAH, FL US","1993-11-07","85","69"
"USC00083909","HIALEAH, FL US","1993-11-08","84","72"
"USC00083909","HIALEAH, FL US","1993-11-09","87","72"
"USC00083909","HIALEAH, FL US","1993-11-10","87","69"
"USC00083909","HIALEAH, FL US","1993-11-11","83","68"
"USC00083909","HIALEAH, FL US","1993-11-12","84","73"
"USC00083909","HIALEAH, FL US","1993-11-13","85","71"
"USC00083909","HIALEAH, FL US","1993-11-14","85","72"
"USC00083909","HIALEAH, FL US","1993-11-15","86","70"
"USC00083909","HIALEAH, FL US","1993-11-16","86","68"
"USC00083909","HIALEAH, FL US","1993-11-17","85","69"
"USC00083909","HIALEAH, FL US","1993-11-18","87","67"
"USC00083909","HIALEAH, FL US","1993-11-19","88","69"
"USC00083909","HIALEAH, FL US","1993-11-20","87","68"
"USC00083909","HIALEAH, FL US","1993-11-21","84","69"
"USC00083909","HIALEAH, FL US","1993-11-22","84","69"
"USC00083909","HIALEAH, FL US","1993-11-23","84","67"
"USC00083909","HIALEAH, FL US","1993-11-24","72","66"
"USC00083909","HIALEAH, FL US","1993-11-25","81","68"
"USC00083909","HIALEAH, FL US","1993-11-26","86","68"
"USC00083909","HIALEAH, FL US","1993-11-27","86","70"
"USC00083909","HIALEAH, FL US","1993-11-28","74","57"
"USC00083909","HIALEAH, FL US","1993-11-29","77","58"
"USC00083909","HIALEAH, FL US","1993-11-30","79","62"
"USC00083909","HIALEAH, FL US","1993-12-01","81","71"
"USC00083909","HIALEAH, FL US","1993-12-02","80","67"
"USC00083909","HIALEAH, FL US","1993-12-03","81","65"
"USC00083909","HIALEAH, FL US","1993-12-04","84","68"
"USC00083909","HIALEAH, FL US","1993-12-05","86","56"
"USC00083909","HIALEAH, FL US","1993-12-06","82","59"
"USC00083909","HIALEAH, FL US","1993-12-07","81","62"
"USC00083909","HIALEAH, FL US","1993-12-08","79","63"
"USC00083909","HIALEAH, FL US","1993-12-09","80","58"
"USC00083909","HIALEAH, FL US","1993-12-10","79","60"
"USC00083909","HIALEAH, FL US","1993-12-11","82","46"
"USC00083909","HIALEAH, FL US","1993-12-12","68","45"
"USC00083909","HIALEAH, FL US","1993-12-13","76","54"
"USC00083909","HIALEAH, FL US","1993-12-14","82","63"
"USC00083909","HIALEAH, FL US","1993-12-15","80","59"
"USC00083909","HIALEAH, FL US","1993-12-16","78","52"
"USC00083909","HIALEAH, FL US","1993-12-17","74","51"
"USC00083909","HIALEAH, FL US","1993-12-18","81","60"
"USC00083909","HIALEAH, FL US","1993-12-19","79","64"
"USC00083909","HIALEAH, FL US","1993-12-20","82","67"
"USC00083909","HIALEAH, FL US","1993-12-21","85","53"
"USC00083909","HIALEAH, FL US","1993-12-22","80","54"
"USC00083909","HIALEAH, FL US","1993-12-23","84","55"
"USC00083909","HIALEAH, FL US","1993-12-24","80","52"
"USC00083909","HIALEAH, FL US","1993-12-25","65","47"
"USC00083909","HIALEAH, FL US","1993-12-26","66","50"
"USC00083909","HIALEAH, FL US","1993-12-27","73","54"
"USC00083909","HIALEAH, FL US","1993-12-28","74","58"
"USC00083909","HIALEAH, FL US","1993-12-29","83","74"
"USC00083909","HIALEAH, FL US","1993-12-30","83","57"
"USC00083909","HIALEAH, FL US","1993-12-31","78","59"
"USC00083909","HIALEAH, FL US","1994-01-01","79","71"
"USC00083909","HIALEAH, FL US","1994-01-02","82","68"
"USC00083909","HIALEAH, FL US","1994-01-03","73","59"
"USC00083909","HIALEAH, FL US","1994-01-04","74","53"
"USC00083909","HIALEAH, FL US","1994-01-05","64","53"
"USC00083909","HIALEAH, FL US","1994-01-06","81","49"
"USC00083909","HIALEAH, FL US","1994-01-07","78","56"
"USC00083909","HIALEAH, FL US","1994-01-08","76","54"
"USC00083909","HIALEAH, FL US","1994-01-09","76","54"
"USC00083909","HIALEAH, FL US","1994-01-10","76","52"
"USC00083909","HIALEAH, FL US","1994-01-11","76","50"
"USC00083909","HIALEAH, FL US","1994-01-12","82","64"
"USC00083909","HIALEAH, FL US","1994-01-13","83","59"
"USC00083909","HIALEAH, FL US","1994-01-14","67","50"
"USC00083909","HIALEAH, FL US","1994-01-15","71","53"
"USC00083909","HIALEAH, FL US","1994-01-16","74","61"
"USC00083909","HIALEAH, FL US","1994-01-17","71","65"
"USC00083909","HIALEAH, FL US","1994-01-18","71","54"
"USC00083909","HIALEAH, FL US","1994-01-19","71","55"
"USC00083909","HIALEAH, FL US","1994-01-20","75","59"
"USC00083909","HIALEAH, FL US","1994-01-21","75","56"
"USC00083909","HIALEAH, FL US","1994-01-22","75","56"
"USC00083909","HIALEAH, FL US","1994-01-23","75","60"
"USC00083909","HIALEAH, FL US","1994-01-24","78","62"
"USC00083909","HIALEAH, FL US","1994-01-25","78","59"
"USC00083909","HIALEAH, FL US","1994-01-26","79","65"
"USC00083909","HIALEAH, FL US","1994-01-27","80","71"
"USC00083909","HIALEAH, FL US","1994-01-28","82","72"
"USC00083909","HIALEAH, FL US","1994-01-29","79","73"
"USC00083909","HIALEAH, FL US","1994-01-30","85","66"
"USC00083909","HIALEAH, FL US","1994-01-31","77","60"
"USC00083909","HIALEAH, FL US","1994-02-01","67","56"
"USC00083909","HIALEAH, FL US","1994-02-02","61","50"
"USC00083909","HIALEAH, FL US","1994-02-03","76","52"
"USC00083909","HIALEAH, FL US","1994-02-04","78","62"
"USC00083909","HIALEAH, FL US","1994-02-05","81","61"
"USC00083909","HIALEAH, FL US","1994-02-06","82","64"
"USC00083909","HIALEAH, FL US","1994-02-07","82","65"
"USC00083909","HIALEAH, FL US","1994-02-08","82","72"
"USC00083909","HIALEAH, FL US","1994-02-09","84","72"
"USC00083909","HIALEAH, FL US","1994-02-10","85","67"
"USC00083909","HIALEAH, FL US","1994-02-11","84","72"
"USC00083909","HIALEAH, FL US","1994-02-12","84","73"
"USC00083909","HIALEAH, FL US","1994-02-13","86","66"
"USC00083909","HIALEAH, FL US","1994-02-14","76","64"
"USC00083909","HIALEAH, FL US","1994-02-15","74","67"
"USC00083909","HIALEAH, FL US","1994-02-16","76","65"
"USC00083909","HIALEAH, FL US","1994-02-17","78","63"
"USC00083909","HIALEAH, FL US","1994-02-18","76","67"
"USC00083909","HIALEAH, FL US","1994-02-19","80","67"
"USC00083909","HIALEAH, FL US","1994-02-20","84","67"
"USC00083909","HIALEAH, FL US","1994-02-21","85","68"
"USC00083909","HIALEAH, FL US","1994-02-22","83","71"
"USC00083909","HIALEAH, FL US","1994-02-23","84","73"
"USC00083909","HIALEAH, FL US","1994-02-24","88","71"
"USC00083909","HIALEAH, FL US","1994-02-25","88","70"
"USC00083909","HIALEAH, FL US","1994-02-26","87","65"
"USC00083909","HIALEAH, FL US","1994-02-27","78","67"
"USC00083909","HIALEAH, FL US","1994-02-28","75","69"
"USC00083909","HIALEAH, FL US","1994-03-01","77","70"
"USC00083909","HIALEAH, FL US","1994-03-02","78","62"
"USC00083909","HIALEAH, FL US","1994-03-03","73","52"
"USC00083909","HIALEAH, FL US","1994-03-04","75","55"
"USC00083909","HIALEAH, FL US","1994-03-05","79","58"
"USC00083909","HIALEAH, FL US","1994-03-06","80","63"
"USC00083909","HIALEAH, FL US","1994-03-07","81","65"
"USC00083909","HIALEAH, FL US","1994-03-08","81","63"
"USC00083909","HIALEAH, FL US","1994-03-09","82","69"
"USC00083909","HIALEAH, FL US","1994-03-10","87","55"
"USC00083909","HIALEAH, FL US","1994-03-11","73","55"
"USC00083909","HIALEAH, FL US","1994-03-12","78","59"
"USC00083909","HIALEAH, FL US","1994-03-13","78","61"
"USC00083909","HIALEAH, FL US","1994-03-14","81","56"
"USC00083909","HIALEAH, FL US","1994-03-15","79","58"
"USC00083909","HIALEAH, FL US","1994-03-16","83","60"
"USC00083909","HIALEAH, FL US","1994-03-17","81","57"
"USC00083909","HIALEAH, FL US","1994-03-18","84","64"
"USC00083909","HIALEAH, FL US","1994-03-19","89","66"
"USC00083909","HIALEAH, FL US","1994-03-20","88","69"
"USC00083909","HIALEAH, FL US","1994-03-21","92","70"
"USC00083909","HIALEAH, FL US","1994-03-22","92","72"
"USC00083909","HIALEAH, FL US","1994-03-23","87","72"
"USC00083909","HIALEAH, FL US","1994-03-24","87","75"
"USC00083909","HIALEAH, FL US","1994-03-25","88","72"
"USC00083909","HIALEAH, FL US","1994-03-26","87","74"
"USC00083909","HIALEAH, FL US","1994-03-27","87","77"
"USC00083909","HIALEAH, FL US","1994-03-28","87","68"
"USC00083909","HIALEAH, FL US","1994-03-29","89","67"
"USC00083909","HIALEAH, FL US","1994-03-30","78","68"
"USC00083909","HIALEAH, FL US","1994-03-31","83","59"
"USC00083909","HIALEAH, FL US","1994-04-01","84","62"
"USC00083909","HIALEAH, FL US","1994-04-02","85","64"
"USC00083909","HIALEAH, FL US","1994-04-03","85","65"
"USC00083909","HIALEAH, FL US","1994-04-04","85","64"
"USC00083909","HIALEAH, FL US","1994-04-05","85","70"
"USC00083909","HIALEAH, FL US","1994-04-06","85","69"
"USC00083909","HIALEAH, FL US","1994-04-07","88","72"
"USC00083909","HIALEAH, FL US","1994-04-08","85","76"
"USC00083909","HIALEAH, FL US","1994-04-09","80","71"
"USC00083909","HIALEAH, FL US","1994-04-10","84","72"
"USC00083909","HIALEAH, FL US","1994-04-11","85","71"
"USC00083909","HIALEAH, FL US","1994-04-12","85","75"
"USC00083909","HIALEAH, FL US","1994-04-13","86","65"
"USC00083909","HIALEAH, FL US","1994-04-14","87","73"
"USC00083909","HIALEAH, FL US","1994-04-15","86","75"
"USC00083909","HIALEAH, FL US","1994-04-16","87","71"
"USC00083909","HIALEAH, FL US","1994-04-17","87","74"
"USC00083909","HIALEAH, FL US","1994-04-18","89","73"
"USC00083909","HIALEAH, FL US","1994-04-19","88","73"
"USC00083909","HIALEAH, FL US","1994-04-20","89","71"
"USC00083909","HIALEAH, FL US","1994-04-21","88","75"
"USC00083909","HIALEAH, FL US","1994-04-22","88","72"
"USC00083909","HIALEAH, FL US","1994-04-23","82","70"
"USC00083909","HIALEAH, FL US","1994-04-24","87","65"
"USC00083909","HIALEAH, FL US","1994-04-25","89","68"
"USC00083909","HIALEAH, FL US","1994-04-26","88","72"
"USC00083909","HIALEAH, FL US","1994-04-27","82","69"
"USC00083909","HIALEAH, FL US","1994-04-28","84","70"
"USC00083909","HIALEAH, FL US","1994-04-29","85","71"
"USC00083909","HIALEAH, FL US","1994-04-30","85","69"
"USC00083909","HIALEAH, FL US","1994-05-01","87","74"
"USC00083909","HIALEAH, FL US","1994-05-02","88","76"
"USC00083909","HIALEAH, FL US","1994-05-03","90","75"
"USC00083909","HIALEAH, FL US","1994-05-04","91","73"
"USC00083909","HIALEAH, FL US","1994-05-05","92","74"
"USC00083909","HIALEAH, FL US","1994-05-06","87","73"
"USC00083909","HIALEAH, FL US","1994-05-07","85","69"
"USC00083909","HIALEAH, FL US","1994-05-08","93","73"
"USC00083909","HIALEAH, FL US","1994-05-09","92","75"
"USC00083909","HIALEAH, FL US","1994-05-10","92","76"
"USC00083909","HIALEAH, FL US","1994-05-11","92","75"
"USC00083909","HIALEAH, FL US","1994-05-12","92","75"
"USC00083909","HIALEAH, FL US","1994-05-13","93","72"
"USC00083909","HIALEAH, FL US","1994-05-14","91","73"
"USC00083909","HIALEAH, FL US","1994-05-15","90","76"
"USC00083909","HIALEAH, FL US","1994-05-16","89","76"
"USC00083909","HIALEAH, FL US","1994-05-17","93","75"
"USC00083909","HIALEAH, FL US","1994-05-18","92","74"
"USC00083909","HIALEAH, FL US","1994-05-19","89","70"
"USC00083909","HIALEAH, FL US","1994-05-20","85","65"
"USC00083909","HIALEAH, FL US","1994-05-21","86","65"
"USC00083909","HIALEAH, FL US","1994-05-22","85","65"
"USC00083909","HIALEAH, FL US","1994-05-23","86","69"
"USC00083909","HIALEAH, FL US","1994-05-24","87","73"
"USC00083909","HIALEAH, FL US","1994-05-25","88","72"
"USC00083909","HIALEAH, FL US","1994-05-26","88","72"
"USC00083909","HIALEAH, FL US","1994-05-27","90","72"
"USC00083909","HIALEAH, FL US","1994-05-28","92","72"
"USC00083909","HIALEAH, FL US","1994-05-29","70","63"
"USC00083909","HIALEAH, FL US","1994-05-30","65","58"
"USC00083909","HIALEAH, FL US","1994-05-31","68","62"
"USC00083909","HIALEAH, FL US","1994-06-01","89","75"
"USC00083909","HIALEAH, FL US","1994-06-02","87","78"
"USC00083909","HIALEAH, FL US","1994-06-03","88","77"
"USC00083909","HIALEAH, FL US","1994-06-04","89","72"
"USC00083909","HIALEAH, FL US","1994-06-05","90","75"
"USC00083909","HIALEAH, FL US","1994-06-06","90","77"
"USC00083909","HIALEAH, FL US","1994-06-07","91","80"
"USC00083909","HIALEAH, FL US","1994-06-08","93","80"
"USC00083909","HIALEAH, FL US","1994-06-09","94","75"
"USC00083909","HIALEAH, FL US","1994-06-10","94","69"
"USC00083909","HIALEAH, FL US","1994-06-11","93","76"
"USC00083909","HIALEAH, FL US","1994-06-12","92","82"
"USC00083909","HIALEAH, FL US","1994-06-13","92","80"
"USC00083909","HIALEAH, FL US","1994-06-14","91","80"
"USC00083909","HIALEAH, FL US","1994-06-15","90","78"
"USC00083909","HIALEAH, FL US","1994-06-16","90","76"
"USC00083909","HIALEAH, FL US","1994-06-17","90","75"
"USC00083909","HIALEAH, FL US","1994-06-18","91","73"
"USC00083909","HIALEAH, FL US","1994-06-19","93","75"
"USC00083909","HIALEAH, FL US","1994-06-20","93","75"
"USC00083909","HIALEAH, FL US","1994-06-21","95","75"
"USC00083909","HIALEAH, FL US","1994-06-22","93","72"
"USC00083909","HIALEAH, FL US","1994-06-23","92","68"
"USC00083909","HIALEAH, FL US","1994-06-24","92","78"
"USC00083909","HIALEAH, FL US","1994-06-25","92","82"
"USC00083909","HIALEAH, FL US","1994-06-26","92","76"
"USC00083909","HIALEAH, FL US","1994-06-27","92","77"
"USC00083909","HIALEAH, FL US","1994-06-28","92","76"
"USC00083909","HIALEAH, FL US","1994-06-29","92","77"
"USC00083909","HIALEAH, FL US","1994-06-30","90","73"
"USC00083909","HIALEAH, FL US","1994-07-01","89","79"
"USC00083909","HIALEAH, FL US","1994-07-02","91","75"
"USC00083909","HIALEAH, FL US","1994-07-03","89","73"
"USC00083909","HIALEAH, FL US","1994-07-04","90","75"
"USC00083909","HIALEAH, FL US","1994-07-05","91","77"
"USC00083909","HIALEAH, FL US","1994-07-06","90","75"
"USC00083909","HIALEAH, FL US","1994-07-07","91","72"
"USC00083909","HIALEAH, FL US","1994-07-08","75","75"
"USC00083909","HIALEAH, FL US","1994-07-09","89","78"
"USC00083909","HIALEAH, FL US","1994-07-10","90","78"
"USC00083909","HIALEAH, FL US","1994-07-11","91","79"
"USC00083909","HIALEAH, FL US","1994-07-12","92","80"
"USC00083909","HIALEAH, FL US","1994-07-13","91","79"
"USC00083909","HIALEAH, FL US","1994-07-14","92","82"
"USC00083909","HIALEAH, FL US","1994-07-15","92","78"
"USC00083909","HIALEAH, FL US","1994-07-16","91","79"
"USC00083909","HIALEAH, FL US","1994-07-17","91","78"
"USC00083909","HIALEAH, FL US","1994-07-18","92","79"
"USC00083909","HIALEAH, FL US","1994-07-19","93","76"
"USC00083909","HIALEAH, FL US","1994-07-20","91","76"
"USC00083909","HIALEAH, FL US","1994-07-21","91","76"
"USC00083909","HIALEAH, FL US","1994-07-22","91","73"
"USC00083909","HIALEAH, FL US","1994-07-23","91","72"
"USC00083909","HIALEAH, FL US","1994-07-24","92","71"
"USC00083909","HIALEAH, FL US","1994-07-25","91","70"
"USC00083909","HIALEAH, FL US","1994-07-26","91","76"
"USC00083909","HIALEAH, FL US","1994-07-27","92","76"
"USC00083909","HIALEAH, FL US","1994-07-28","92","75"
"USC00083909","HIALEAH, FL US","1994-07-29","88","74"
"USC00083909","HIALEAH, FL US","1994-07-30","91","78"
"USC00083909","HIALEAH, FL US","1994-07-31","92","80"
"USC00083909","HIALEAH, FL US","1994-08-01","91","78"
"USC00083909","HIALEAH, FL US","1994-08-02","91","76"
"USC00083909","HIALEAH, FL US","1994-08-03","90","74"
"USC00083909","HIALEAH, FL US","1994-08-04","90","77"
"USC00083909","HIALEAH, FL US","1994-08-05","92","71"
"USC00083909","HIALEAH, FL US","1994-08-06","93","74"
"USC00083909","HIALEAH, FL US","1994-08-07","91","75"
"USC00083909","HIALEAH, FL US","1994-08-08","93","75"
"USC00083909","HIALEAH, FL US","1994-08-09","91","72"
"USC00083909","HIALEAH, FL US","1994-08-10","90","74"
"USC00083909","HIALEAH, FL US","1994-08-11","90","73"
"USC00083909","HIALEAH, FL US","1994-08-12","89","70"
"USC00083909","HIALEAH, FL US","1994-08-13","89","72"
"USC00083909","HIALEAH, FL US","1994-08-14","90","74"
"USC00083909","HIALEAH, FL US","1994-08-15","90","79"
"USC00083909","HIALEAH, FL US","1994-08-16","91","78"
"USC00083909","HIALEAH, FL US","1994-08-17","91","77"
"USC00083909","HIALEAH, FL US","1994-08-18","92","80"
"USC00083909","HIALEAH, FL US","1994-08-19","92","81"
"USC00083909","HIALEAH, FL US","1994-08-20","91","81"
"USC00083909","HIALEAH, FL US","1994-08-21","92","76"
"USC00083909","HIALEAH, FL US","1994-08-22","93","78"
"USC00083909","HIALEAH, FL US","1994-08-23","94","71"
"USC00083909","HIALEAH, FL US","1994-08-24","91","74"
"USC00083909","HIALEAH, FL US","1994-08-25","85","76"
"USC00083909","HIALEAH, FL US","1994-08-26","91","76"
"USC00083909","HIALEAH, FL US","1994-08-27","91","76"
"USC00083909","HIALEAH, FL US","1994-08-28","82","71"
"USC00083909","HIALEAH, FL US","1994-08-29","88","70"
"USC00083909","HIALEAH, FL US","1994-08-30","90","75"
"USC00083909","HIALEAH, FL US","1994-08-31","91","74"
"USC00083909","HIALEAH, FL US","1994-09-01","92","78"
"USC00083909","HIALEAH, FL US","1994-09-02","91","78"
"USC00083909","HIALEAH, FL US","1994-09-03","91","76"
"USC00083909","HIALEAH, FL US","1994-09-04","94","72"
"USC00083909","HIALEAH, FL US","1994-09-05","91","76"
"USC00083909","HIALEAH, FL US","1994-09-06","91","72"
"USC00083909","HIALEAH, FL US","1994-09-07","91","72"
"USC00083909","HIALEAH, FL US","1994-09-08","92","80"
"USC00083909","HIALEAH, FL US","1994-09-09","90","77"
"USC00083909","HIALEAH, FL US","1994-09-10","84","72"
"USC00083909","HIALEAH, FL US","1994-09-11","92","75"
"USC00083909","HIALEAH, FL US","1994-09-12","86","75"
"USC00083909","HIALEAH, FL US","1994-09-13","81","71"
"USC00083909","HIALEAH, FL US","1994-09-14","86","72"
"USC00083909","HIALEAH, FL US","1994-09-15","87","72"
"USC00083909","HIALEAH, FL US","1994-09-16","88","78"
"USC00083909","HIALEAH, FL US","1994-09-17","92","77"
"USC00083909","HIALEAH, FL US","1994-09-18","92","75"
"USC00083909","HIALEAH, FL US","1994-09-19","91","71"
"USC00083909","HIALEAH, FL US","1994-09-20","90","73"
"USC00083909","HIALEAH, FL US","1994-09-21","92","74"
"USC00083909","HIALEAH, FL US","1994-09-22","88","75"
"USC00083909","HIALEAH, FL US","1994-09-23","90","75"
"USC00083909","HIALEAH, FL US","1994-09-24","89","75"
"USC00083909","HIALEAH, FL US","1994-09-25","87","75"
"USC00083909","HIALEAH, FL US","1994-09-26","88","73"
"USC00083909","HIALEAH, FL US","1994-09-27","87","72"
"USC00083909","HIALEAH, FL US","1994-09-28","88","72"
"USC00083909","HIALEAH, FL US","1994-09-29","82","73"
"USC00083909","HIALEAH, FL US","1994-09-30","82","72"
"USC00083909","HIALEAH, FL US","1994-10-01","86","72"
"USC00083909","HIALEAH, FL US","1994-10-02","90","73"
"USC00083909","HIALEAH, FL US","1994-10-03","91","78"
"USC00083909","HIALEAH, FL US","1994-10-04","89","74"
"USC00083909","HIALEAH, FL US","1994-10-05","89","71"
"USC00083909","HIALEAH, FL US","1994-10-06","91","74"
"USC00083909","HIALEAH, FL US","1994-10-07","89","74"
"USC00083909","HIALEAH, FL US","1994-10-08","88","74"
"USC00083909","HIALEAH, FL US","1994-10-09","89","74"
"USC00083909","HIALEAH, FL US","1994-10-10","89","73"
"USC00083909","HIALEAH, FL US","1994-10-11","90","74"
"USC00083909","HIALEAH, FL US","1994-10-12","88","75"
"USC00083909","HIALEAH, FL US","1994-10-13","91","72"
"USC00083909","HIALEAH, FL US","1994-10-14","92","74"
"USC00083909","HIALEAH, FL US","1994-10-15","92","72"
"USC00083909","HIALEAH, FL US","1994-10-16","92","70"
"USC00083909","HIALEAH, FL US","1994-10-17","85","68"
"USC00083909","HIALEAH, FL US","1994-10-18","86","69"
"USC00083909","HIALEAH, FL US","1994-10-19","85","70"
"USC00083909","HIALEAH, FL US","1994-10-20","82","71"
"USC00083909","HIALEAH, FL US","1994-10-21","86","69"
"USC00083909","HIALEAH, FL US","1994-10-22","86","71"
"USC00083909","HIALEAH, FL US","1994-10-23","87","69"
"USC00083909","HIALEAH, FL US","1994-10-24","87","71"
"USC00083909","HIALEAH, FL US","1994-10-25","88","72"
"USC00083909","HIALEAH, FL US","1994-10-26","86","69"
"USC00083909","HIALEAH, FL US","1994-10-27","83","69"
"USC00083909","HIALEAH, FL US","1994-10-28","87","69"
"USC00083909","HIALEAH, FL US","1994-10-29","89","74"
"USC00083909","HIALEAH, FL US","1994-10-30","90","70"
"USC00083909","HIALEAH, FL US","1994-10-31","84","73"
"USC00083909","HIALEAH, FL US","1994-11-01","90","70"
"USC00083909","HIALEAH, FL US","1994-11-02","88","69"
"USC00083909","HIALEAH, FL US","1994-11-03","87","69"
"USC00083909","HIALEAH, FL US","1994-11-04","84","73"
"USC00083909","HIALEAH, FL US","1994-11-05","85","70"
"USC00083909","HIALEAH, FL US","1994-11-06","86","69"
"USC00083909","HIALEAH, FL US","1994-11-07","86","72"
"USC00083909","HIALEAH, FL US","1994-11-08","86","74"
"USC00083909","HIALEAH, FL US","1994-11-09","85","73"
"USC00083909","HIALEAH, FL US","1994-11-10","85","76"
"USC00083909","HIALEAH, FL US","1994-11-11","86","75"
"USC00083909","HIALEAH, FL US","1994-11-12","89","69"
"USC00083909","HIALEAH, FL US","1994-11-13","88","70"
"USC00083909","HIALEAH, FL US","1994-11-14","86","72"
"USC00083909","HIALEAH, FL US","1994-11-15","83","74"
"USC00083909","HIALEAH, FL US","1994-11-16","80","71"
"USC00083909","HIALEAH, FL US","1994-11-17","78","66"
"USC00083909","HIALEAH, FL US","1994-11-18","76","67"
"USC00083909","HIALEAH, FL US","1994-11-19","81","62"
"USC00083909","HIALEAH, FL US","1994-11-20","81","70"
"USC00083909","HIALEAH, FL US","1994-11-21","85","69"
"USC00083909","HIALEAH, FL US","1994-11-22","85","71"
"USC00083909","HIALEAH, FL US","1994-11-23","86","70"
"USC00083909","HIALEAH, FL US","1994-11-24","85","68"
"USC00083909","HIALEAH, FL US","1994-11-25","80","64"
"USC00083909","HIALEAH, FL US","1994-11-26","83","65"
"USC00083909","HIALEAH, FL US","1994-11-27","83","73"
"USC00083909","HIALEAH, FL US","1994-11-28","84","74"
"USC00083909","HIALEAH, FL US","1994-11-29","87","72"
"USC00083909","HIALEAH, FL US","1994-11-30","86","71"
"USC00083909","HIALEAH, FL US","1994-12-01","86","70"
"USC00083909","HIALEAH, FL US","1994-12-02","85","70"
"USC00083909","HIALEAH, FL US","1994-12-03","82","69"
"USC00083909","HIALEAH, FL US","1994-12-04","85","72"
"USC00083909","HIALEAH, FL US","1994-12-05","84","77"
"USC00083909","HIALEAH, FL US","1994-12-06","86","70"
"USC00083909","HIALEAH, FL US","1994-12-07","86","71"
"USC00083909","HIALEAH, FL US","1994-12-08","88","69"
"USC00083909","HIALEAH, FL US","1994-12-09","85","71"
"USC00083909","HIALEAH, FL US","1994-12-10","89","70"
"USC00083909","HIALEAH, FL US","1994-12-11","88","69"
"USC00083909","HIALEAH, FL US","1994-12-12","87","61"
"USC00083909","HIALEAH, FL US","1994-12-13","82","62"
"USC00083909","HIALEAH, FL US","1994-12-14","82","60"
"USC00083909","HIALEAH, FL US","1994-12-15","79","62"
"USC00083909","HIALEAH, FL US","1994-12-16","82","64"
"USC00083909","HIALEAH, FL US","1994-12-17","84","66"
"USC00083909","HIALEAH, FL US","1994-12-18","82","63"
"USC00083909","HIALEAH, FL US","1994-12-19","75","61"
"USC00083909","HIALEAH, FL US","1994-12-20","78","64"
"USC00083909","HIALEAH, FL US","1994-12-21","77","61"
"USC00083909","HIALEAH, FL US","1994-12-22","76","59"
"USC00083909","HIALEAH, FL US","1994-12-23","73","54"
"USC00083909","HIALEAH, FL US","1994-12-24","74","50"
"USC00083909","HIALEAH, FL US","1994-12-25","70","55"
"USC00083909","HIALEAH, FL US","1994-12-26","69","53"
"USC00083909","HIALEAH, FL US","1994-12-27","74","56"
"USC00083909","HIALEAH, FL US","1994-12-28","79","59"
"USC00083909","HIALEAH, FL US","1994-12-29","77","63"
"USC00083909","HIALEAH, FL US","1994-12-30","82","62"
"USC00083909","HIALEAH, FL US","1994-12-31","81","62"
"USC00083909","HIALEAH, FL US","1995-01-01","84","64"
"USC00083909","HIALEAH, FL US","1995-01-02","85","64"
"USC00083909","HIALEAH, FL US","1995-01-03","83","66"
"USC00083909","HIALEAH, FL US","1995-01-04","80","60"
"USC00083909","HIALEAH, FL US","1995-01-05","81","60"
"USC00083909","HIALEAH, FL US","1995-01-06","85","68"
"USC00083909","HIALEAH, FL US","1995-01-07","85","58"
"USC00083909","HIALEAH, FL US","1995-01-08","71","51"
"USC00083909","HIALEAH, FL US","1995-01-09","74","53"
"USC00083909","HIALEAH, FL US","1995-01-10","76","53"
"USC00083909","HIALEAH, FL US","1995-01-11","78","56"
"USC00083909","HIALEAH, FL US","1995-01-12","79","68"
"USC00083909","HIALEAH, FL US","1995-01-13","80","66"
"USC00083909","HIALEAH, FL US","1995-01-14","78","63"
"USC00083909","HIALEAH, FL US","1995-01-15","80","58"
"USC00083909","HIALEAH, FL US","1995-01-16","75","54"
"USC00083909","HIALEAH, FL US","1995-01-17","73","54"
"USC00083909","HIALEAH, FL US","1995-01-18","79","59"
"USC00083909","HIALEAH, FL US","1995-01-19","80","58"
"USC00083909","HIALEAH, FL US","1995-01-20","69","54"
"USC00083909","HIALEAH, FL US","1995-01-21","70","54"
"USC00083909","HIALEAH, FL US","1995-01-22","74","53"
"USC00083909","HIALEAH, FL US","1995-01-23","77","52"
"USC00083909","HIALEAH, FL US","1995-01-24","73","47"
"USC00083909","HIALEAH, FL US","1995-01-25","70","49"
"USC00083909","HIALEAH, FL US","1995-01-26","72","48"
"USC00083909","HIALEAH, FL US","1995-01-27","75","51"
"USC00083909","HIALEAH, FL US","1995-01-28","79","57"
"USC00083909","HIALEAH, FL US","1995-01-29","82","68"
"USC00083909","HIALEAH, FL US","1995-01-30","72","53"
"USC00083909","HIALEAH, FL US","1995-01-31","66","51"
"USC00083909","HIALEAH, FL US","1995-02-01","65","48"
"USC00083909","HIALEAH, FL US","1995-02-02","70","50"
"USC00083909","HIALEAH, FL US","1995-02-03","77","56"
"USC00083909","HIALEAH, FL US","1995-02-04","71","48"
"USC00083909","HIALEAH, FL US","1995-02-05","74","50"
"USC00083909","HIALEAH, FL US","1995-02-06","65","44"
"USC00083909","HIALEAH, FL US","1995-02-07","75","51"
"USC00083909","HIALEAH, FL US","1995-02-08","67","40"
"USC00083909","HIALEAH, FL US","1995-02-09","66","49"
"USC00083909","HIALEAH, FL US","1995-02-10","75","52"
"USC00083909","HIALEAH, FL US","1995-02-11","83","62"
"USC00083909","HIALEAH, FL US","1995-02-12","89","68"
"USC00083909","HIALEAH, FL US","1995-02-13","85","62"
"USC00083909","HIALEAH, FL US","1995-02-14","82","67"
"USC00083909","HIALEAH, FL US","1995-02-15","81","69"
"USC00083909","HIALEAH, FL US","1995-02-16","83","70"
"USC00083909","HIALEAH, FL US","1995-02-17","83","70"
"USC00083909","HIALEAH, FL US","1995-02-18","84","69"
"USC00083909","HIALEAH, FL US","1995-02-19","82","66"
"USC00083909","HIALEAH, FL US","1995-02-20","79","61"
"USC00083909","HIALEAH, FL US","1995-02-21","76","54"
"USC00083909","HIALEAH, FL US","1995-02-22","75","53"
"USC00083909","HIALEAH, FL US","1995-02-23","85","52"
"USC00083909","HIALEAH, FL US","1995-02-24","82","59"
"USC00083909","HIALEAH, FL US","1995-02-25","80","59"
"USC00083909","HIALEAH, FL US","1995-02-26","80","62"
"USC00083909","HIALEAH, FL US","1995-02-27","79","62"
"USC00083909","HIALEAH, FL US","1995-02-28","82","67"
"USC00083909","HIALEAH, FL US","1995-03-01","86","69"
"USC00083909","HIALEAH, FL US","1995-03-02","89","59"
"USC00083909","HIALEAH, FL US","1995-03-03","82","64"
"USC00083909","HIALEAH, FL US","1995-03-04","82","66"
"USC00083909","HIALEAH, FL US","1995-03-05","80","68"
"USC00083909","HIALEAH, FL US","1995-03-06","82","72"
"USC00083909","HIALEAH, FL US","1995-03-07","83","62"
"USC00083909","HIALEAH, FL US","1995-03-08","79","65"
"USC00083909","HIALEAH, FL US","1995-03-09","82","55"
"USC00083909","HIALEAH, FL US","1995-03-10","75","58"
"USC00083909","HIALEAH, FL US","1995-03-11","76","66"
"USC00083909","HIALEAH, FL US","1995-03-12","76","62"
"USC00083909","HIALEAH, FL US","1995-03-13","78","64"
"USC00083909","HIALEAH, FL US","1995-03-14","78","66"
"USC00083909","HIALEAH, FL US","1995-03-15","76","65"
"USC00083909","HIALEAH, FL US","1995-03-16","79","66"
"USC00083909","HIALEAH, FL US","1995-03-17","81","63"
"USC00083909","HIALEAH, FL US","1995-03-18","78","62"
"USC00083909","HIALEAH, FL US","1995-03-19","81","63"
"USC00083909","HIALEAH, FL US","1995-03-20","80","62"
"USC00083909","HIALEAH, FL US","1995-03-21","81","61"
"USC00083909","HIALEAH, FL US","1995-03-22","83","62"
"USC00083909","HIALEAH, FL US","1995-03-23","85","64"
"USC00083909","HIALEAH, FL US","1995-03-24","87","69"
"USC00083909","HIALEAH, FL US","1995-03-25","84","68"
"USC00083909","HIALEAH, FL US","1995-03-26","80","66"
"USC00083909","HIALEAH, FL US","1995-03-27","81","66"
"USC00083909","HIALEAH, FL US","1995-03-28","89","69"
"USC00083909","HIALEAH, FL US","1995-03-29","88","67"
"USC00083909","HIALEAH, FL US","1995-03-30","91","69"
"USC00083909","HIALEAH, FL US","1995-03-31","87","73"
"USC00083909","HIALEAH, FL US","1995-04-01","89","67"
"USC00083909","HIALEAH, FL US","1995-04-02","82","61"
"USC00083909","HIALEAH, FL US","1995-04-03","79","65"
"USC00083909","HIALEAH, FL US","1995-04-04","82","67"
"USC00083909","HIALEAH, FL US","1995-04-05","84","71"
"USC00083909","HIALEAH, FL US","1995-04-06","82","66"
"USC00083909","HIALEAH, FL US","1995-04-07","86","67"
"USC00083909","HIALEAH, FL US","1995-04-08","85","67"
"USC00083909","HIALEAH, FL US","1995-04-09","88","67"
"USC00083909","HIALEAH, FL US","1995-04-10","85","71"
"USC00083909","HIALEAH, FL US","1995-04-11","86","71"
"USC00083909","HIALEAH, FL US","1995-04-12","84","72"
"USC00083909","HIALEAH, FL US","1995-04-13","91","65"
"USC00083909","HIALEAH, FL US","1995-04-14","87","69"
"USC00083909","HIALEAH, FL US","1995-04-15","86","64"
"USC00083909","HIALEAH, FL US","1995-04-16","87","65"
"USC00083909","HIALEAH, FL US","1995-04-17","87","63"
"USC00083909","HIALEAH, FL US","1995-04-18","86","70"
"USC00083909","HIALEAH, FL US","1995-04-19","88","73"
"USC00083909","HIALEAH, FL US","1995-04-20","89","69"
"USC00083909","HIALEAH, FL US","1995-04-21","89","74"
"USC00083909","HIALEAH, FL US","1995-04-22","88","74"
"USC00083909","HIALEAH, FL US","1995-04-23","87","74"
"USC00083909","HIALEAH, FL US","1995-04-24","92","74"
"USC00083909","HIALEAH, FL US","1995-04-25","92","72"
"USC00083909","HIALEAH, FL US","1995-04-26","91","73"
"USC00083909","HIALEAH, FL US","1995-04-27","88","71"
"USC00083909","HIALEAH, FL US","1995-04-28","81","69"
"USC00083909","HIALEAH, FL US","1995-04-29","80","69"
"USC00083909","HIALEAH, FL US","1995-04-30","83","67"
"USC00083909","HIALEAH, FL US","1995-05-01","88","71"
"USC00083909","HIALEAH, FL US","1995-05-02","88","74"
"USC00083909","HIALEAH, FL US","1995-05-03","89","75"
"USC00083909","HIALEAH, FL US","1995-05-04","90","71"
"USC00083909","HIALEAH, FL US","1995-05-05","90","74"
"USC00083909","HIALEAH, FL US","1995-05-06","91","75"
"USC00083909","HIALEAH, FL US","1995-05-07","90","73"
"USC00083909","HIALEAH, FL US","1995-05-08","87","76"
"USC00083909","HIALEAH, FL US","1995-05-09","84","77"
"USC00083909","HIALEAH, FL US","1995-05-10","86","76"
"USC00083909","HIALEAH, FL US","1995-05-11","88","75"
"USC00083909","HIALEAH, FL US","1995-05-12","92","76"
"USC00083909","HIALEAH, FL US","1995-05-13","92","76"
"USC00083909","HIALEAH, FL US","1995-05-14","92","75"
"USC00083909","HIALEAH, FL US","1995-05-15","93","76"
"USC00083909","HIALEAH, FL US","1995-05-16","97","75"
"USC00083909","HIALEAH, FL US","1995-05-17","96","76"
"USC00083909","HIALEAH, FL US","1995-05-18","91","71"
"USC00083909","HIALEAH, FL US","1995-05-19","90","78"
"USC00083909","HIALEAH, FL US","1995-05-20","90","72"
"USC00083909","HIALEAH, FL US","1995-05-21","90","72"
"USC00083909","HIALEAH, FL US","1995-05-22","91","74"
"USC00083909","HIALEAH, FL US","1995-05-23","91","73"
"USC00083909","HIALEAH, FL US","1995-05-24","88","74"
"USC00083909","HIALEAH, FL US","1995-05-25","89","75"
"USC00083909","HIALEAH, FL US","1995-05-26","90","74"
"USC00083909","HIALEAH, FL US","1995-05-27","90","76"
"USC00083909","HIALEAH, FL US","1995-05-28","90","77"
"USC00083909","HIALEAH, FL US","1995-05-29","89","75"
"USC00083909","HIALEAH, FL US","1995-05-30","91","26"
"USC00083909","HIALEAH, FL US","1995-05-31","91","78"
"USC00083909","HIALEAH, FL US","1995-06-01","91","76"
"USC00083909","HIALEAH, FL US","1995-06-02","90","24"
"USC00083909","HIALEAH, FL US","1995-06-03","89","72"
"USC00083909","HIALEAH, FL US","1995-06-04","87","74"
"USC00083909","HIALEAH, FL US","1995-06-05","88","76"
"USC00083909","HIALEAH, FL US","1995-06-06","87","73"
"USC00083909","HIALEAH, FL US","1995-06-07","93","72"
"USC00083909","HIALEAH, FL US","1995-06-08","95","78"
"USC00083909","HIALEAH, FL US","1995-06-09","94","76"
"USC00083909","HIALEAH, FL US","1995-06-10","93","77"
"USC00083909","HIALEAH, FL US","1995-06-11","93","76"
"USC00083909","HIALEAH, FL US","1995-06-12","93","72"
"USC00083909","HIALEAH, FL US","1995-06-13","76","69"
"USC00083909","HIALEAH, FL US","1995-06-14","86","67"
"USC00083909","HIALEAH, FL US","1995-06-15","90","74"
"USC00083909","HIALEAH, FL US","1995-06-16","89","72"
"USC00083909","HIALEAH, FL US","1995-06-17","87","74"
"USC00083909","HIALEAH, FL US","1995-06-18","85","71"
"USC00083909","HIALEAH, FL US","1995-06-19","90","69"
"USC00083909","HIALEAH, FL US","1995-06-20","85","69"
"USC00083909","HIALEAH, FL US","1995-06-21","85","68"
"USC00083909","HIALEAH, FL US","1995-06-22","89","70"
"USC00083909","HIALEAH, FL US","1995-06-23","89","71"
"USC00083909","HIALEAH, FL US","1995-06-24","91","25"
"USC00083909","HIALEAH, FL US","1995-06-25","90","79"
"USC00083909","HIALEAH, FL US","1995-06-26","92","79"
"USC00083909","HIALEAH, FL US","1995-06-27","95","77"
"USC00083909","HIALEAH, FL US","1995-06-28","92","79"
"USC00083909","HIALEAH, FL US","1995-06-29","94","74"
"USC00083909","HIALEAH, FL US","1995-06-30","94","75"
"USC00083909","HIALEAH, FL US","1995-07-01","96","79"
"USC00083909","HIALEAH, FL US","1995-07-02","95","78"
"USC00083909","HIALEAH, FL US","1995-07-03","96","77"
"USC00083909","HIALEAH, FL US","1995-07-04","95","81"
"USC00083909","HIALEAH, FL US","1995-07-05","92","79"
"USC00083909","HIALEAH, FL US","1995-07-06","94","78"
"USC00083909","HIALEAH, FL US","1995-07-07","93","79"
"USC00083909","HIALEAH, FL US","1995-07-08","96","80"
"USC00083909","HIALEAH, FL US","1995-07-09","97","78"
"USC00083909","HIALEAH, FL US","1995-07-10","95","73"
"USC00083909","HIALEAH, FL US","1995-07-11","96","71"
"USC00083909","HIALEAH, FL US","1995-07-12","92","73"
"USC00083909","HIALEAH, FL US","1995-07-13","90","76"
"USC00083909","HIALEAH, FL US","1995-07-14","91","81"
"USC00083909","HIALEAH, FL US","1995-07-15","92","80"
"USC00083909","HIALEAH, FL US","1995-07-16","92","78"
"USC00083909","HIALEAH, FL US","1995-07-17","94","74"
"USC00083909","HIALEAH, FL US","1995-07-18","87","73"
"USC00083909","HIALEAH, FL US","1995-07-19","92","76"
"USC00083909","HIALEAH, FL US","1995-07-20","93","75"
"USC00083909","HIALEAH, FL US","1995-07-21","96","78"
"USC00083909","HIALEAH, FL US","1995-07-22","92","77"
"USC00083909","HIALEAH, FL US","1995-07-23","94","78"
"USC00083909","HIALEAH, FL US","1995-07-24","94","77"
"USC00083909","HIALEAH, FL US","1995-07-25","92","79"
"USC00083909","HIALEAH, FL US","1995-07-26","90","73"
"USC00083909","HIALEAH, FL US","1995-07-27","85","74"
"USC00083909","HIALEAH, FL US","1995-07-28","88","76"
"USC00083909","HIALEAH, FL US","1995-07-29","90","76"
"USC00083909","HIALEAH, FL US","1995-07-30","89","77"
"USC00083909","HIALEAH, FL US","1995-07-31","88","76"
"USC00083909","HIALEAH, FL US","1995-08-01","90","75"
"USC00083909","HIALEAH, FL US","1995-08-02","90","74"
"USC00083909","HIALEAH, FL US","1995-08-03","81","70"
"USC00083909","HIALEAH, FL US","1995-08-04","86","69"
"USC00083909","HIALEAH, FL US","1995-08-05","88","73"
"USC00083909","HIALEAH, FL US","1995-08-06","90","77"
"USC00083909","HIALEAH, FL US","1995-08-07","90","77"
"USC00083909","HIALEAH, FL US","1995-08-08","93","77"
"USC00083909","HIALEAH, FL US","1995-08-09","95","75"
"USC00083909","HIALEAH, FL US","1995-08-10","92","74"
"USC00083909","HIALEAH, FL US","1995-08-11","95","76"
"USC00083909","HIALEAH, FL US","1995-08-12","93","74"
"USC00083909","HIALEAH, FL US","1995-08-13","95","77"
"USC00083909","HIALEAH, FL US","1995-08-14","94","77"
"USC00083909","HIALEAH, FL US","1995-08-15","95","77"
"USC00083909","HIALEAH, FL US","1995-08-16","94","76"
"USC00083909","HIALEAH, FL US","1995-08-17","95","80"
"USC00083909","HIALEAH, FL US","1995-08-18","94","82"
"USC00083909","HIALEAH, FL US","1995-08-19","94","82"
"USC00083909","HIALEAH, FL US","1995-08-20","95","83"
"USC00083909","HIALEAH, FL US","1995-08-21","93","80"
"USC00083909","HIALEAH, FL US","1995-08-22","80","76"
"USC00083909","HIALEAH, FL US","1995-08-23","82","74"
"USC00083909","HIALEAH, FL US","1995-08-24","83","75"
"USC00083909","HIALEAH, FL US","1995-08-25","90","73"
"USC00083909","HIALEAH, FL US","1995-08-26","90","76"
"USC00083909","HIALEAH, FL US","1995-08-27","89","76"
"USC00083909","HIALEAH, FL US","1995-08-28","93","75"
"USC00083909","HIALEAH, FL US","1995-08-29","95","77"
"USC00083909","HIALEAH, FL US","1995-08-30","93","78"
"USC00083909","HIALEAH, FL US","1995-08-31","92","78"
"USC00083909","HIALEAH, FL US","1995-09-01","92","76"
"USC00083909","HIALEAH, FL US","1995-09-02","92","76"
"USC00083909","HIALEAH, FL US","1995-09-03","93","77"
"USC00083909","HIALEAH, FL US","1995-09-04","92","28"
"USC00083909","HIALEAH, FL US","1995-09-05","89","74"
"USC00083909","HIALEAH, FL US","1995-09-06","92","73"
"USC00083909","HIALEAH, FL US","1995-09-07","89","73"
"USC00083909","HIALEAH, FL US","1995-09-08","90","73"
"USC00083909","HIALEAH, FL US","1995-09-09","88","71"
"USC00083909","HIALEAH, FL US","1995-09-10","90","71"
"USC00083909","HIALEAH, FL US","1995-09-11","90","72"
"USC00083909","HIALEAH, FL US","1995-09-12","91","71"
"USC00083909","HIALEAH, FL US","1995-09-13","91","79"
"USC00083909","HIALEAH, FL US","1995-09-14","92","85"
"USC00083909","HIALEAH, FL US","1995-09-15","90","81"
"USC00083909","HIALEAH, FL US","1995-09-16","89","79"
"USC00083909","HIALEAH, FL US","1995-09-17","92","81"
"USC00083909","HIALEAH, FL US","1995-09-18","93","83"
"USC00083909","HIALEAH, FL US","1995-09-19","94","79"
"USC00083909","HIALEAH, FL US","1995-09-20","94","77"
"USC00083909","HIALEAH, FL US","1995-09-21","93","76"
"USC00083909","HIALEAH, FL US","1995-09-22","92","76"
"USC00083909","HIALEAH, FL US","1995-09-23","89","73"
"USC00083909","HIALEAH, FL US","1995-09-24","92","75"
"USC00083909","HIALEAH, FL US","1995-09-25","91","76"
"USC00083909","HIALEAH, FL US","1995-09-26","93","78"
"USC00083909","HIALEAH, FL US","1995-09-27","92","80"
"USC00083909","HIALEAH, FL US","1995-09-28","93","77"
"USC00083909","HIALEAH, FL US","1995-09-29","93","77"
"USC00083909","HIALEAH, FL US","1995-09-30","93","76"
"USC00083909","HIALEAH, FL US","1995-10-01","93","75"
"USC00083909","HIALEAH, FL US","1995-10-02","91","75"
"USC00083909","HIALEAH, FL US","1995-10-03","91","82"
"USC00083909","HIALEAH, FL US","1995-10-04","90","83"
"USC00083909","HIALEAH, FL US","1995-10-05","90","74"
"USC00083909","HIALEAH, FL US","1995-10-06","88","76"
"USC00083909","HIALEAH, FL US","1995-10-07","88","74"
"USC00083909","HIALEAH, FL US","1995-10-08","89","73"
"USC00083909","HIALEAH, FL US","1995-10-09","88","74"
"USC00083909","HIALEAH, FL US","1995-10-10","89","75"
"USC00083909","HIALEAH, FL US","1995-10-11","90","76"
"USC00083909","HIALEAH, FL US","1995-10-12","90","75"
"USC00083909","HIALEAH, FL US","1995-10-13","87","74"
"USC00083909","HIALEAH, FL US","1995-10-14","87","74"
"USC00083909","HIALEAH, FL US","1995-10-15","88","75"
"USC00083909","HIALEAH, FL US","1995-10-16","86","73"
"USC00083909","HIALEAH, FL US","1995-10-17","84","72"
"USC00083909","HIALEAH, FL US","1995-10-18","85","72"
"USC00083909","HIALEAH, FL US","1995-10-19","87","70"
"USC00083909","HIALEAH, FL US","1995-10-20","94","75"
"USC00083909","HIALEAH, FL US","1995-10-21","89","74"
"USC00083909","HIALEAH, FL US","1995-10-22","86","74"
"USC00083909","HIALEAH, FL US","1995-10-23","86","71"
"USC00083909","HIALEAH, FL US","1995-10-24","88","74"
"USC00083909","HIALEAH, FL US","1995-10-25","88","72"
"USC00083909","HIALEAH, FL US","1995-10-26","87","76"
"USC00083909","HIALEAH, FL US","1995-10-27","89","75"
"USC00083909","HIALEAH, FL US","1995-10-28","90","77"
"USC00083909","HIALEAH, FL US","1995-10-29","93","71"
"USC00083909","HIALEAH, FL US","1995-10-30","85","72"
"USC00083909","HIALEAH, FL US","1995-10-31","87","72"
"USC00083909","HIALEAH, FL US","1995-11-01","89","76"
"USC00083909","HIALEAH, FL US","1995-11-02","88","75"
"USC00083909","HIALEAH, FL US","1995-11-03","89","73"
"USC00083909","HIALEAH, FL US","1995-11-04","89","69"
"USC00083909","HIALEAH, FL US","1995-11-05","85","67"
"USC00083909","HIALEAH, FL US","1995-11-06","85","71"
"USC00083909","HIALEAH, FL US","1995-11-07","86","71"
"USC00083909","HIALEAH, FL US","1995-11-08","85","72"
"USC00083909","HIALEAH, FL US","1995-11-09","86","58"
"USC00083909","HIALEAH, FL US","1995-11-10","82","60"
"USC00083909","HIALEAH, FL US","1995-11-11","85","67"
"USC00083909","HIALEAH, FL US","1995-11-12","77","64"
"USC00083909","HIALEAH, FL US","1995-11-13","81","65"
"USC00083909","HIALEAH, FL US","1995-11-14","76","53"
"USC00083909","HIALEAH, FL US","1995-11-15","72","54"
"USC00083909","HIALEAH, FL US","1995-11-16","76","53"
"USC00083909","HIALEAH, FL US","1995-11-17","76","55"
"USC00083909","HIALEAH, FL US","1995-11-18","76","63"
"USC00083909","HIALEAH, FL US","1995-11-19","81","63"
"USC00083909","HIALEAH, FL US","1995-11-20","81","64"
"USC00083909","HIALEAH, FL US","1995-11-21","79","59"
"USC00083909","HIALEAH, FL US","1995-11-22","78","60"
"USC00083909","HIALEAH, FL US","1995-11-23","77","59"
"USC00083909","HIALEAH, FL US","1995-11-24","80","65"
"USC00083909","HIALEAH, FL US","1995-11-25","77","58"
"USC00083909","HIALEAH, FL US","1995-11-26","80","62"
"USC00083909","HIALEAH, FL US","1995-11-27","83","68"
"USC00083909","HIALEAH, FL US","1995-11-28","83","69"
"USC00083909","HIALEAH, FL US","1995-11-29","81","64"
"USC00083909","HIALEAH, FL US","1995-11-30","80","60"
"USC00083909","HIALEAH, FL US","1995-12-01","82","57"
"USC00083909","HIALEAH, FL US","1995-12-02","81","57"
"USC00083909","HIALEAH, FL US","1995-12-03","82","62"
"USC00083909","HIALEAH, FL US","1995-12-04","84","63"
"USC00083909","HIALEAH, FL US","1995-12-05","83","63"
"USC00083909","HIALEAH, FL US","1995-12-06","82","63"
"USC00083909","HIALEAH, FL US","1995-12-07","85","64"
"USC00083909","HIALEAH, FL US","1995-12-08","85","62"
"USC00083909","HIALEAH, FL US","1995-12-09","86","64"
"USC00083909","HIALEAH, FL US","1995-12-10","82","54"
"USC00083909","HIALEAH, FL US","1995-12-11","74","53"
"USC00083909","HIALEAH, FL US","1995-12-12","78","62"
"USC00083909","HIALEAH, FL US","1995-12-13","80","59"
"USC00083909","HIALEAH, FL US","1995-12-14","82","66"
"USC00083909","HIALEAH, FL US","1995-12-15","82","67"
"USC00083909","HIALEAH, FL US","1995-12-16","82","65"
"USC00083909","HIALEAH, FL US","1995-12-17","81","70"
"USC00083909","HIALEAH, FL US","1995-12-18","83","72"
"USC00083909","HIALEAH, FL US","1995-12-19","85","67"
"USC00083909","HIALEAH, FL US","1995-12-20","78","51"
"USC00083909","HIALEAH, FL US","1995-12-21","67","48"
"USC00083909","HIALEAH, FL US","1995-12-22","70","52"
"USC00083909","HIALEAH, FL US","1995-12-23","64","47"
"USC00083909","HIALEAH, FL US","1995-12-24","59","38"
"USC00083909","HIALEAH, FL US","1995-12-25","62","44"
"USC00083909","HIALEAH, FL US","1995-12-26","65","45"
"USC00083909","HIALEAH, FL US","1995-12-27","65","50"
"USC00083909","HIALEAH, FL US","1995-12-28","59","52"
"USC00083909","HIALEAH, FL US","1995-12-29","75","53"
"USC00083909","HIALEAH, FL US","1995-12-30","80","71"
"USC00083909","HIALEAH, FL US","1995-12-31","81","74"
"USC00083909","HIALEAH, FL US","1996-01-01","85","70"
"USC00083909","HIALEAH, FL US","1996-01-02","83","77"
"USC00083909","HIALEAH, FL US","1996-01-03","77","51"
"USC00083909","HIALEAH, FL US","1996-01-04","68","49"
"USC00083909","HIALEAH, FL US","1996-01-05","72","53"
"USC00083909","HIALEAH, FL US","1996-01-06","77","60"
"USC00083909","HIALEAH, FL US","1996-01-07","79","44"
"USC00083909","HIALEAH, FL US","1996-01-08","59","37"
"USC00083909","HIALEAH, FL US","1996-01-09","64","39"
"USC00083909","HIALEAH, FL US","1996-01-10","74","47"
"USC00083909","HIALEAH, FL US","1996-01-11","77","51"
"USC00083909","HIALEAH, FL US","1996-01-12","77","47"
"USC00083909","HIALEAH, FL US","1996-01-13","62","44"
"USC00083909","HIALEAH, FL US","1996-01-14","73","47"
"USC00083909","HIALEAH, FL US","1996-01-15","75","58"
"USC00083909","HIALEAH, FL US","1996-01-16","77","65"
"USC00083909","HIALEAH, FL US","1996-01-17","79","65"
"USC00083909","HIALEAH, FL US","1996-01-18","82","67"
"USC00083909","HIALEAH, FL US","1996-01-19","83","58"
"USC00083909","HIALEAH, FL US","1996-01-20","79","60"
"USC00083909","HIALEAH, FL US","1996-01-21","85","61"
"USC00083909","HIALEAH, FL US","1996-01-22","80","64"
"USC00083909","HIALEAH, FL US","1996-01-23","81","62"
"USC00083909","HIALEAH, FL US","1996-01-24","82","63"
"USC00083909","HIALEAH, FL US","1996-01-25","83","62"
"USC00083909","HIALEAH, FL US","1996-01-26","82","64"
"USC00083909","HIALEAH, FL US","1996-01-27","81","63"
"USC00083909","HIALEAH, FL US","1996-01-28","75","62"
"USC00083909","HIALEAH, FL US","1996-01-29","80","65"
"USC00083909","HIALEAH, FL US","1996-01-30","81","63"
"USC00083909","HIALEAH, FL US","1996-01-31","85","60"
"USC00083909","HIALEAH, FL US","1996-02-01","86","58"
"USC00083909","HIALEAH, FL US","1996-02-02","85","71"
"USC00083909","HIALEAH, FL US","1996-02-03","84","52"
"USC00083909","HIALEAH, FL US","1996-02-04","60","36"
"USC00083909","HIALEAH, FL US","1996-02-05","63","38"
"USC00083909","HIALEAH, FL US","1996-02-06","70","47"
"USC00083909","HIALEAH, FL US","1996-02-07","75","49"
"USC00083909","HIALEAH, FL US","1996-02-08","76","54"
"USC00083909","HIALEAH, FL US","1996-02-09","77","52"
"USC00083909","HIALEAH, FL US","1996-02-10","82","57"
"USC00083909","HIALEAH, FL US","1996-02-11","82","58"
"USC00083909","HIALEAH, FL US","1996-02-12","74","46"
"USC00083909","HIALEAH, FL US","1996-02-13","70","48"
"USC00083909","HIALEAH, FL US","1996-02-14","76","50"
"USC00083909","HIALEAH, FL US","1996-02-15","80","55"
"USC00083909","HIALEAH, FL US","1996-02-16","61","43"
"USC00083909","HIALEAH, FL US","1996-02-17","80","38"
"USC00083909","HIALEAH, FL US","1996-02-18","73","62"
"USC00083909","HIALEAH, FL US","1996-02-19","74","50"
"USC00083909","HIALEAH, FL US","1996-02-20","83","65"
"USC00083909","HIALEAH, FL US","1996-02-21","84","63"
"USC00083909","HIALEAH, FL US","1996-02-22","84","63"
"USC00083909","HIALEAH, FL US","1996-02-23","84","64"
"USC00083909","HIALEAH, FL US","1996-02-24","86","62"
"USC00083909","HIALEAH, FL US","1996-02-25","85","62"
"USC00083909","HIALEAH, FL US","1996-02-26","83","64"
"USC00083909","HIALEAH, FL US","1996-02-27","88","65"
"USC00083909","HIALEAH, FL US","1996-02-28","85","64"
"USC00083909","HIALEAH, FL US","1996-02-29","87","65"
"USC00083909","HIALEAH, FL US","1996-03-01","86","72"
"USC00083909","HIALEAH, FL US","1996-03-02","84","60"
"USC00083909","HIALEAH, FL US","1996-03-03","70","62"
"USC00083909","HIALEAH, FL US","1996-03-04","77","70"
"USC00083909","HIALEAH, FL US","1996-03-05","80","74"
"USC00083909","HIALEAH, FL US","1996-03-06","85","77"
"USC00083909","HIALEAH, FL US","1996-03-07","86","64"
"USC00083909","HIALEAH, FL US","1996-03-08","65","45"
"USC00083909","HIALEAH, FL US","1996-03-09","69","49"
"USC00083909","HIALEAH, FL US","1996-03-10","66","54"
"USC00083909","HIALEAH, FL US","1996-03-11","57","51"
"USC00083909","HIALEAH, FL US","1996-03-12","75","56"
"USC00083909","HIALEAH, FL US","1996-03-13","78","50"
"USC00083909","HIALEAH, FL US","1996-03-14","77","51"
"USC00083909","HIALEAH, FL US","1996-03-15","80","55"
"USC00083909","HIALEAH, FL US","1996-03-16","81","58"
"USC00083909","HIALEAH, FL US","1996-03-17","83","61"
"USC00083909","HIALEAH, FL US","1996-03-18","88","73"
"USC00083909","HIALEAH, FL US","1996-03-19","75","53"
"USC00083909","HIALEAH, FL US","1996-03-20","68","52"
"USC00083909","HIALEAH, FL US","1996-03-21","63","48"
"USC00083909","HIALEAH, FL US","1996-03-22","69","57"
"USC00083909","HIALEAH, FL US","1996-03-23","77","68"
"USC00083909","HIALEAH, FL US","1996-03-24","77","63"
"USC00083909","HIALEAH, FL US","1996-03-25","73","69"
"USC00083909","HIALEAH, FL US","1996-03-26","77","70"
"USC00083909","HIALEAH, FL US","1996-03-27","76","72"
"USC00083909","HIALEAH, FL US","1996-03-28","76","66"
"USC00083909","HIALEAH, FL US","1996-03-29","81","67"
"USC00083909","HIALEAH, FL US","1996-03-30","82","66"
"USC00083909","HIALEAH, FL US","1996-03-31","87","72"
"USC00083909","HIALEAH, FL US","1996-04-01","83","56"
"USC00083909","HIALEAH, FL US","1996-04-02","68","56"
"USC00083909","HIALEAH, FL US","1996-04-03","75","60"
"USC00083909","HIALEAH, FL US","1996-04-04","74","65"
"USC00083909","HIALEAH, FL US","1996-04-05","82","69"
"USC00083909","HIALEAH, FL US","1996-04-06","83","71"
"USC00083909","HIALEAH, FL US","1996-04-07","82","65"
"USC00083909","HIALEAH, FL US","1996-04-08","78","64"
"USC00083909","HIALEAH, FL US","1996-04-09","66","60"
"USC00083909","HIALEAH, FL US","1996-04-10","76","62"
"USC00083909","HIALEAH, FL US","1996-04-11","73","56"
"USC00083909","HIALEAH, FL US","1996-04-12","75","61"
"USC00083909","HIALEAH, FL US","1996-04-13","97","67"
"USC00083909","HIALEAH, FL US","1996-04-14","89","70"
"USC00083909","HIALEAH, FL US","1996-04-15","91","71"
"USC00083909","HIALEAH, FL US","1996-04-16","80","63"
"USC00083909","HIALEAH, FL US","1996-04-17","73","67"
"USC00083909","HIALEAH, FL US","1996-04-18","73","65"
"USC00083909","HIALEAH, FL US","1996-04-19","75","67"
"USC00083909","HIALEAH, FL US","1996-04-20","75","65"
"USC00083909","HIALEAH, FL US","1996-04-21","77","69"
"USC00083909","HIALEAH, FL US","1996-04-22","78","62"
"USC00083909","HIALEAH, FL US","1996-04-23","79","68"
"USC00083909","HIALEAH, FL US","1996-04-24","85","66"
"USC00083909","HIALEAH, FL US","1996-04-25","80","68"
"USC00083909","HIALEAH, FL US","1996-04-26","88","72"
"USC00083909","HIALEAH, FL US","1996-04-27","84","76"
"USC00083909","HIALEAH, FL US","1996-04-28","82","74"
"USC00083909","HIALEAH, FL US","1996-04-29","81","74"
"USC00083909","HIALEAH, FL US","1996-04-30","78","73"
"USC00083909","HIALEAH, FL US","1996-05-01","78","72"
"USC00083909","HIALEAH, FL US","1996-05-02","86","73"
"USC00083909","HIALEAH, FL US","1996-05-03","87","74"
"USC00083909","HIALEAH, FL US","1996-05-04","84","72"
"USC00083909","HIALEAH, FL US","1996-05-05","84","75"
"USC00083909","HIALEAH, FL US","1996-05-06","86","76"
"USC00083909","HIALEAH, FL US","1996-05-07","87","75"
"USC00083909","HIALEAH, FL US","1996-05-08","86","76"
"USC00083909","HIALEAH, FL US","1996-05-09","87","76"
"USC00083909","HIALEAH, FL US","1996-05-10","89","74"
"USC00083909","HIALEAH, FL US","1996-05-11","81","68"
"USC00083909","HIALEAH, FL US","1996-05-12","84","72"
"USC00083909","HIALEAH, FL US","1996-05-13","82","70"
"USC00083909","HIALEAH, FL US","1996-05-14","87","71"
"USC00083909","HIALEAH, FL US","1996-05-15","90","73"
"USC00083909","HIALEAH, FL US","1996-05-16","87","67"
"USC00083909","HIALEAH, FL US","1996-05-17","87","76"
"USC00083909","HIALEAH, FL US","1996-05-18","87","75"
"USC00083909","HIALEAH, FL US","1996-05-19","89","74"
"USC00083909","HIALEAH, FL US","1996-05-20","89","71"
"USC00083909","HIALEAH, FL US","1996-05-21","80","72"
"USC00083909","HIALEAH, FL US","1996-05-22","91","73"
"USC00083909","HIALEAH, FL US","1996-05-23","87","73"
"USC00083909","HIALEAH, FL US","1996-05-24","90","74"
"USC00083909","HIALEAH, FL US","1996-05-25","93","74"
"USC00083909","HIALEAH, FL US","1996-05-26","92","74"
"USC00083909","HIALEAH, FL US","1996-05-27","90","74"
"USC00083909","HIALEAH, FL US","1996-05-28","94","73"
"USC00083909","HIALEAH, FL US","1996-05-29","95","72"
"USC00083909","HIALEAH, FL US","1996-05-30","93","72"
"USC00083909","HIALEAH, FL US","1996-05-31","90","73"
"USC00083909","HIALEAH, FL US","1996-06-01","88","72"
"USC00083909","HIALEAH, FL US","1996-06-02","87","71"
"USC00083909","HIALEAH, FL US","1996-06-03","87","74"
"USC00083909","HIALEAH, FL US","1996-06-04","89","76"
"USC00083909","HIALEAH, FL US","1996-06-05","90","76"
"USC00083909","HIALEAH, FL US","1996-06-06","92","72"
"USC00083909","HIALEAH, FL US","1996-06-07","88","76"
"USC00083909","HIALEAH, FL US","1996-06-08","86","74"
"USC00083909","HIALEAH, FL US","1996-06-09","92","70"
"USC00083909","HIALEAH, FL US","1996-06-10","90","72"
"USC00083909","HIALEAH, FL US","1996-06-11","88","77"
"USC00083909","HIALEAH, FL US","1996-06-12","82","73"
"USC00083909","HIALEAH, FL US","1996-06-13","79","72"
"USC00083909","HIALEAH, FL US","1996-06-14","88","72"
"USC00083909","HIALEAH, FL US","1996-06-15","80","75"
"USC00083909","HIALEAH, FL US","1996-06-16","80","73"
"USC00083909","HIALEAH, FL US","1996-06-17","79","74"
"USC00083909","HIALEAH, FL US","1996-06-18","84","74"
"USC00083909","HIALEAH, FL US","1996-06-19","92","73"
"USC00083909","HIALEAH, FL US","1996-06-20","79","72"
"USC00083909","HIALEAH, FL US","1996-06-21","84","73"
"USC00083909","HIALEAH, FL US","1996-06-22","84","74"
"USC00083909","HIALEAH, FL US","1996-06-23","84","74"
"USC00083909","HIALEAH, FL US","1996-06-24","82","74"
"USC00083909","HIALEAH, FL US","1996-06-25","86","73"
"USC00083909","HIALEAH, FL US","1996-06-26","85","74"
"USC00083909","HIALEAH, FL US","1996-06-27","92","73"
"USC00083909","HIALEAH, FL US","1996-06-28","91","24"
"USC00083909","HIALEAH, FL US","1996-06-29","91","77"
"USC00083909","HIALEAH, FL US","1996-06-30","92","74"
"USC00083909","HIALEAH, FL US","1996-07-01","90","75"
"USC00083909","HIALEAH, FL US","1996-07-02","92","77"
"USC00083909","HIALEAH, FL US","1996-07-03","92","75"
"USC00083909","HIALEAH, FL US","1996-07-04","92","76"
"USC00083909","HIALEAH, FL US","1996-07-05","93","77"
"USC00083909","HIALEAH, FL US","1996-07-06","94","77"
"USC00083909","HIALEAH, FL US","1996-07-07","95","76"
"USC00083909","HIALEAH, FL US","1996-07-08","92","79"
"USC00083909","HIALEAH, FL US","1996-07-09","93","75"
"USC00083909","HIALEAH, FL US","1996-07-10","91","76"
"USC00083909","HIALEAH, FL US","1996-07-11","95","76"
"USC00083909","HIALEAH, FL US","1996-07-12","92","69"
"USC00083909","HIALEAH, FL US","1996-07-13","91","73"
"USC00083909","HIALEAH, FL US","1996-07-14","91","79"
"USC00083909","HIALEAH, FL US","1996-07-15","90","69"
"USC00083909","HIALEAH, FL US","1996-07-16","90","73"
"USC00083909","HIALEAH, FL US","1996-07-17","90","77"
"USC00083909","HIALEAH, FL US","1996-07-18","90","78"
"USC00083909","HIALEAH, FL US","1996-07-19","91","76"
"USC00083909","HIALEAH, FL US","1996-07-20","93","75"
"USC00083909","HIALEAH, FL US","1996-07-21","92","78"
"USC00083909","HIALEAH, FL US","1996-07-22","91","79"
"USC00083909","HIALEAH, FL US","1996-07-23","92","78"
"USC00083909","HIALEAH, FL US","1996-07-24","90","79"
"USC00083909","HIALEAH, FL US","1996-07-25","92","80"
"USC00083909","HIALEAH, FL US","1996-07-26","90","76"
"USC00083909","HIALEAH, FL US","1996-07-27","90","80"
"USC00083909","HIALEAH, FL US","1996-07-28","91","79"
"USC00083909","HIALEAH, FL US","1996-07-29","89","78"
"USC00083909","HIALEAH, FL US","1996-07-30","93","82"
"USC00083909","HIALEAH, FL US","1996-07-31","91","80"
"USC00083909","HIALEAH, FL US","1996-08-01","92","79"
"USC00083909","HIALEAH, FL US","1996-08-02","91","78"
"USC00083909","HIALEAH, FL US","1996-08-03","92","82"
"USC00083909","HIALEAH, FL US","1996-08-04","93","83"
"USC00083909","HIALEAH, FL US","1996-08-05","92","80"
"USC00083909","HIALEAH, FL US","1996-08-06","92","83"
"USC00083909","HIALEAH, FL US","1996-08-07","93","83"
"USC00083909","HIALEAH, FL US","1996-08-08","93","78"
"USC00083909","HIALEAH, FL US","1996-08-09","94","75"
"USC00083909","HIALEAH, FL US","1996-08-10","94","80"
"USC00083909","HIALEAH, FL US","1996-08-11","85","81"
"USC00083909","HIALEAH, FL US","1996-08-12","87","75"
"USC00083909","HIALEAH, FL US","1996-08-13","88","74"
"USC00083909","HIALEAH, FL US","1996-08-14","88","78"
"USC00083909","HIALEAH, FL US","1996-08-15","94","78"
"USC00083909","HIALEAH, FL US","1996-08-16","93","78"
"USC00083909","HIALEAH, FL US","1996-08-17","94","78"
"USC00083909","HIALEAH, FL US","1996-08-18","91","79"
"USC00083909","HIALEAH, FL US","1996-08-19","90","78"
"USC00083909","HIALEAH, FL US","1996-08-20","89","81"
"USC00083909","HIALEAH, FL US","1996-08-21","89","77"
"USC00083909","HIALEAH, FL US","1996-08-22","89","76"
"USC00083909","HIALEAH, FL US","1996-08-23","89","74"
"USC00083909","HIALEAH, FL US","1996-08-24","89","73"
"USC00083909","HIALEAH, FL US","1996-08-25","89","76"
"USC00083909","HIALEAH, FL US","1996-08-26","89","77"
"USC00083909","HIALEAH, FL US","1996-08-27","86","76"
"USC00083909","HIALEAH, FL US","1996-08-28","90","77"
"USC00083909","HIALEAH, FL US","1996-08-29","91","78"
"USC00083909","HIALEAH, FL US","1996-08-30","92","78"
"USC00083909","HIALEAH, FL US","1996-08-31","94","77"
"USC00083909","HIALEAH, FL US","1996-09-01","95","80"
"USC00083909","HIALEAH, FL US","1996-09-02","95","78"
"USC00083909","HIALEAH, FL US","1996-09-03","92","79"
"USC00083909","HIALEAH, FL US","1996-09-04","95","78"
"USC00083909","HIALEAH, FL US","1996-09-05","95","79"
"USC00083909","HIALEAH, FL US","1996-09-06","94","78"
"USC00083909","HIALEAH, FL US","1996-09-07","91","76"
"USC00083909","HIALEAH, FL US","1996-09-08","92","75"
"USC00083909","HIALEAH, FL US","1996-09-09","85","76"
"USC00083909","HIALEAH, FL US","1996-09-10","90","79"
"USC00083909","HIALEAH, FL US","1996-09-11","91","78"
"USC00083909","HIALEAH, FL US","1996-09-12","92","78"
"USC00083909","HIALEAH, FL US","1996-09-13","94","78"
"USC00083909","HIALEAH, FL US","1996-09-14","96","76"
"USC00083909","HIALEAH, FL US","1996-09-15","92","80"
"USC00083909","HIALEAH, FL US","1996-09-16","92","82"
"USC00083909","HIALEAH, FL US","1996-09-17","91","79"
"USC00083909","HIALEAH, FL US","1996-09-18","90","80"
"USC00083909","HIALEAH, FL US","1996-09-19","89","78"
"USC00083909","HIALEAH, FL US","1996-09-20","91","80"
"USC00083909","HIALEAH, FL US","1996-09-21","92","77"
"USC00083909","HIALEAH, FL US","1996-09-22","94","79"
"USC00083909","HIALEAH, FL US","1996-09-23","90","77"
"USC00083909","HIALEAH, FL US","1996-09-24","88","76"
"USC00083909","HIALEAH, FL US","1996-09-25","88","76"
"USC00083909","HIALEAH, FL US","1996-09-26","87","75"
"USC00083909","HIALEAH, FL US","1996-09-27","90","77"
"USC00083909","HIALEAH, FL US","1996-09-28","88","78"
"USC00083909","HIALEAH, FL US","1996-09-29","88","80"
"USC00083909","HIALEAH, FL US","1996-09-30","91","79"
"USC00083909","HIALEAH, FL US","1996-10-01","88","78"
"USC00083909","HIALEAH, FL US","1996-10-02","89","77"
"USC00083909","HIALEAH, FL US","1996-10-03","87","75"
"USC00083909","HIALEAH, FL US","1996-10-04","85","73"
"USC00083909","HIALEAH, FL US","1996-10-05","88","74"
"USC00083909","HIALEAH, FL US","1996-10-06","79","75"
"USC00083909","HIALEAH, FL US","1996-10-07","87","82"
"USC00083909","HIALEAH, FL US","1996-10-08","87","74"
"USC00083909","HIALEAH, FL US","1996-10-09","89","74"
"USC00083909","HIALEAH, FL US","1996-10-10","89","74"
"USC00083909","HIALEAH, FL US","1996-10-11","83","76"
"USC00083909","HIALEAH, FL US","1996-10-12","84","76"
"USC00083909","HIALEAH, FL US","1996-10-13","83","75"
"USC00083909","HIALEAH, FL US","1996-10-14","84","76"
"USC00083909","HIALEAH, FL US","1996-10-15","84","78"
"USC00083909","HIALEAH, FL US","1996-10-16","87","76"
"USC00083909","HIALEAH, FL US","1996-10-17","84","76"
"USC00083909","HIALEAH, FL US","1996-10-18","85","72"
"USC00083909","HIALEAH, FL US","1996-10-19","83","63"
"USC00083909","HIALEAH, FL US","1996-10-20","85","69"
"USC00083909","HIALEAH, FL US","1996-10-21","84","69"
"USC00083909","HIALEAH, FL US","1996-10-22","85","71"
"USC00083909","HIALEAH, FL US","1996-10-23","86","71"
"USC00083909","HIALEAH, FL US","1996-10-24","86","71"
"USC00083909","HIALEAH, FL US","1996-10-25","86","70"
"USC00083909","HIALEAH, FL US","1996-10-26","87","70"
"USC00083909","HIALEAH, FL US","1996-10-27","87","70"
"USC00083909","HIALEAH, FL US","1996-10-28","87","70"
"USC00083909","HIALEAH, FL US","1996-10-29","86","76"
"USC00083909","HIALEAH, FL US","1996-10-30","87","78"
"USC00083909","HIALEAH, FL US","1996-10-31","88","71"
"USC00083909","HIALEAH, FL US","1996-11-01","87","76"
"USC00083909","HIALEAH, FL US","1996-11-02","89","71"
"USC00083909","HIALEAH, FL US","1996-11-03","84","75"
"USC00083909","HIALEAH, FL US","1996-11-04","84","77"
"USC00083909","HIALEAH, FL US","1996-11-05","88","78"
"USC00083909","HIALEAH, FL US","1996-11-06","87","77"
"USC00083909","HIALEAH, FL US","1996-11-07","87","79"
"USC00083909","HIALEAH, FL US","1996-11-08","87","64"
"USC00083909","HIALEAH, FL US","1996-11-09","75","58"
"USC00083909","HIALEAH, FL US","1996-11-10","78","58"
"USC00083909","HIALEAH, FL US","1996-11-11","80","64"
"USC00083909","HIALEAH, FL US","1996-11-12","78","73"
"USC00083909","HIALEAH, FL US","1996-11-13","79","72"
"USC00083909","HIALEAH, FL US","1996-11-14","80","74"
"USC00083909","HIALEAH, FL US","1996-11-15","79","73"
"USC00083909","HIALEAH, FL US","1996-11-16","79","73"
"USC00083909","HIALEAH, FL US","1996-11-17","80","70"
"USC00083909","HIALEAH, FL US","1996-11-18","81","69"
"USC00083909","HIALEAH, FL US","1996-11-19","83","65"
"USC00083909","HIALEAH, FL US","1996-11-20","86","67"
"USC00083909","HIALEAH, FL US","1996-11-21","88","68"
"USC00083909","HIALEAH, FL US","1996-11-22","88","69"
"USC00083909","HIALEAH, FL US","1996-11-23","87","74"
"USC00083909","HIALEAH, FL US","1996-11-24","87","76"
"USC00083909","HIALEAH, FL US","1996-11-25","82","66"
"USC00083909","HIALEAH, FL US","1996-11-26","79","58"
"USC00083909","HIALEAH, FL US","1996-11-27","78","57"
"USC00083909","HIALEAH, FL US","1996-11-28","80","56"
"USC00083909","HIALEAH, FL US","1996-11-29","81","55"
"USC00083909","HIALEAH, FL US","1996-11-30","80","60"
"USC00083909","HIALEAH, FL US","1996-12-01","83","73"
"USC00083909","HIALEAH, FL US","1996-12-02","87","65"
"USC00083909","HIALEAH, FL US","1996-12-03","88","65"
"USC00083909","HIALEAH, FL US","1996-12-04","79","64"
"USC00083909","HIALEAH, FL US","1996-12-05","80","67"
"USC00083909","HIALEAH, FL US","1996-12-06","87","68"
"USC00083909","HIALEAH, FL US","1996-12-07","85","72"
"USC00083909","HIALEAH, FL US","1996-12-08","78","52"
"USC00083909","HIALEAH, FL US","1996-12-09","69","51"
"USC00083909","HIALEAH, FL US","1996-12-10","72","62"
"USC00083909","HIALEAH, FL US","1996-12-11","78","68"
"USC00083909","HIALEAH, FL US","1996-12-12","81","68"
"USC00083909","HIALEAH, FL US","1996-12-13","81","63"
"USC00083909","HIALEAH, FL US","1996-12-14","80","62"
"USC00083909","HIALEAH, FL US","1996-12-15","78","60"
"USC00083909","HIALEAH, FL US","1996-12-16","77","61"
"USC00083909","HIALEAH, FL US","1996-12-17","79","66"
"USC00083909","HIALEAH, FL US","1996-12-18","81","70"
"USC00083909","HIALEAH, FL US","1996-12-19","83","46"
"USC00083909","HIALEAH, FL US","1996-12-20","80","55"
"USC00083909","HIALEAH, FL US","1996-12-21","79","60"
"USC00083909","HIALEAH, FL US","1996-12-22","78","64"
"USC00083909","HIALEAH, FL US","1996-12-23","78","65"
"USC00083909","HIALEAH, FL US","1996-12-24","82","70"
"USC00083909","HIALEAH, FL US","1996-12-25","82","69"
"USC00083909","HIALEAH, FL US","1996-12-26","80","70"
"USC00083909","HIALEAH, FL US","1996-12-27","83","71"
"USC00083909","HIALEAH, FL US","1996-12-28","80","67"
"USC00083909","HIALEAH, FL US","1996-12-29","84","67"
"USC00083909","HIALEAH, FL US","1996-12-30","84","68"
"USC00083909","HIALEAH, FL US","1996-12-31","83","67"
"USC00083909","HIALEAH, FL US","1997-01-01","82","64"
"USC00083909","HIALEAH, FL US","1997-01-02","83","67"
"USC00083909","HIALEAH, FL US","1997-01-03","86","70"
"USC00083909","HIALEAH, FL US","1997-01-04","84","74"
"USC00083909","HIALEAH, FL US","1997-01-05","82","66"
"USC00083909","HIALEAH, FL US","1997-01-06","84","68"
"USC00083909","HIALEAH, FL US","1997-01-07","82","64"
"USC00083909","HIALEAH, FL US","1997-01-08","85","68"
"USC00083909","HIALEAH, FL US","1997-01-09","85","61"
"USC00083909","HIALEAH, FL US","1997-01-10","72","59"
"USC00083909","HIALEAH, FL US","1997-01-11","70","65"
"USC00083909","HIALEAH, FL US","1997-01-12","73","68"
"USC00083909","HIALEAH, FL US","1997-01-13","78","63"
"USC00083909","HIALEAH, FL US","1997-01-14","72","66"
"USC00083909","HIALEAH, FL US","1997-01-15","74","68"
"USC00083909","HIALEAH, FL US","1997-01-16","85","47"
"USC00083909","HIALEAH, FL US","1997-01-17","64","44"
"USC00083909","HIALEAH, FL US","1997-01-18","59","38"
"USC00083909","HIALEAH, FL US","1997-01-19","58","40"
"USC00083909","HIALEAH, FL US","1997-01-20","74","41"
"USC00083909","HIALEAH, FL US","1997-01-21","74","54"
"USC00083909","HIALEAH, FL US","1997-01-22","80","60"
"USC00083909","HIALEAH, FL US","1997-01-23","81","62"
"USC00083909","HIALEAH, FL US","1997-01-24","82","68"
"USC00083909","HIALEAH, FL US","1997-01-25","84","69"
"USC00083909","HIALEAH, FL US","1997-01-26","80","65"
"USC00083909","HIALEAH, FL US","1997-01-27","80","67"
"USC00083909","HIALEAH, FL US","1997-01-28","83","65"
"USC00083909","HIALEAH, FL US","1997-01-29","83","66"
"USC00083909","HIALEAH, FL US","1997-01-30","78","56"
"USC00083909","HIALEAH, FL US","1997-01-31","68","52"
"USC00083909","HIALEAH, FL US","1997-02-01","76","56"
"USC00083909","HIALEAH, FL US","1997-02-02","78","60"
"USC00083909","HIALEAH, FL US","1997-02-03","79","69"
"USC00083909","HIALEAH, FL US","1997-02-04","80","73"
"USC00083909","HIALEAH, FL US","1997-02-05","83","68"
"USC00083909","HIALEAH, FL US","1997-02-06","84","70"
"USC00083909","HIALEAH, FL US","1997-02-07","82","66"
"USC00083909","HIALEAH, FL US","1997-02-08","86","69"
"USC00083909","HIALEAH, FL US","1997-02-09","84","64"
"USC00083909","HIALEAH, FL US","1997-02-10","85","56"
"USC00083909","HIALEAH, FL US","1997-02-11","74","55"
"USC00083909","HIALEAH, FL US","1997-02-12","82","76"
"USC00083909","HIALEAH, FL US","1997-02-13","85","69"
"USC00083909","HIALEAH, FL US","1997-02-14","84","75"
"USC00083909","HIALEAH, FL US","1997-02-15","85","72"
"USC00083909","HIALEAH, FL US","1997-02-16","83","69"
"USC00083909","HIALEAH, FL US","1997-02-17","78","70"
"USC00083909","HIALEAH, FL US","1997-02-18","77","71"
"USC00083909","HIALEAH, FL US","1997-02-19","81","70"
"USC00083909","HIALEAH, FL US","1997-02-20","82","73"
"USC00083909","HIALEAH, FL US","1997-02-21","85","73"
"USC00083909","HIALEAH, FL US","1997-02-22","84","68"
"USC00083909","HIALEAH, FL US","1997-02-23","88","71"
"USC00083909","HIALEAH, FL US","1997-02-24","84","71"
"USC00083909","HIALEAH, FL US","1997-02-25","84","73"
"USC00083909","HIALEAH, FL US","1997-02-26","83","74"
"USC00083909","HIALEAH, FL US","1997-02-27","85","75"
"USC00083909","HIALEAH, FL US","1997-02-28","87","74"
"USC00083909","HIALEAH, FL US","1997-03-01","84","77"
"USC00083909","HIALEAH, FL US","1997-03-02","85","73"
"USC00083909","HIALEAH, FL US","1997-03-03","86","73"
"USC00083909","HIALEAH, FL US","1997-03-04","86","75"
"USC00083909","HIALEAH, FL US","1997-03-05","85","72"
"USC00083909","HIALEAH, FL US","1997-03-06","89","69"
"USC00083909","HIALEAH, FL US","1997-03-07","79","72"
"USC00083909","HIALEAH, FL US","1997-03-08","82","76"
"USC00083909","HIALEAH, FL US","1997-03-09","83","73"
"USC00083909","HIALEAH, FL US","1997-03-10","85","72"
"USC00083909","HIALEAH, FL US","1997-03-11","85","72"
"USC00083909","HIALEAH, FL US","1997-03-12","88","75"
"USC00083909","HIALEAH, FL US","1997-03-13","85","67"
"USC00083909","HIALEAH, FL US","1997-03-14","84","69"
"USC00083909","HIALEAH, FL US","1997-03-15","85","68"
"USC00083909","HIALEAH, FL US","1997-03-16","83","70"
"USC00083909","HIALEAH, FL US","1997-03-17","82","71"
"USC00083909","HIALEAH, FL US","1997-03-18","82","70"
"USC00083909","HIALEAH, FL US","1997-03-19","83","71"
"USC00083909","HIALEAH, FL US","1997-03-20","85","73"
"USC00083909","HIALEAH, FL US","1997-03-21","84","67"
"USC00083909","HIALEAH, FL US","1997-03-22","87","65"
"USC00083909","HIALEAH, FL US","1997-03-23","86","68"
"USC00083909","HIALEAH, FL US","1997-03-24","84","72"
"USC00083909","HIALEAH, FL US","1997-03-25","85","76"
"USC00083909","HIALEAH, FL US","1997-03-26","85","71"
"USC00083909","HIALEAH, FL US","1997-03-27","91","74"
"USC00083909","HIALEAH, FL US","1997-03-28","92","78"
"USC00083909","HIALEAH, FL US","1997-03-29","89","74"
"USC00083909","HIALEAH, FL US","1997-03-30","92","77"
"USC00083909","HIALEAH, FL US","1997-03-31","87","64"
"USC00083909","HIALEAH, FL US","1997-04-01","81","67"
"USC00083909","HIALEAH, FL US","1997-04-02","79","71"
"USC00083909","HIALEAH, FL US","1997-04-03","80","71"
"USC00083909","HIALEAH, FL US","1997-04-04","81","73"
"USC00083909","HIALEAH, FL US","1997-04-05","84","72"
"USC00083909","HIALEAH, FL US","1997-04-06","83","72"
"USC00083909","HIALEAH, FL US","1997-04-07","85","71"
"USC00083909","HIALEAH, FL US","1997-04-08","87","73"
"USC00083909","HIALEAH, FL US","1997-04-09","87","60"
"USC00083909","HIALEAH, FL US","1997-04-10","75","73"
"USC00083909","HIALEAH, FL US","1997-04-11","87","73"
"USC00083909","HIALEAH, FL US","1997-04-12","81","72"
"USC00083909","HIALEAH, FL US","1997-04-13","90","73"
"USC00083909","HIALEAH, FL US","1997-04-14","88","73"
"USC00083909","HIALEAH, FL US","1997-04-15","84","72"
"USC00083909","HIALEAH, FL US","1997-04-16","79","72"
"USC00083909","HIALEAH, FL US","1997-04-17","87","62"
"USC00083909","HIALEAH, FL US","1997-04-18","76","55"
"USC00083909","HIALEAH, FL US","1997-04-19","81","59"
"USC00083909","HIALEAH, FL US","1997-04-20","85","65"
"USC00083909","HIALEAH, FL US","1997-04-21","85","71"
"USC00083909","HIALEAH, FL US","1997-04-22","92","74"
"USC00083909","HIALEAH, FL US","1997-04-23","90","65"
"USC00083909","HIALEAH, FL US","1997-04-24","84","76"
"USC00083909","HIALEAH, FL US","1997-04-25","86","77"
"USC00083909","HIALEAH, FL US","1997-04-26","85","78"
"USC00083909","HIALEAH, FL US","1997-04-27","88","80"
"USC00083909","HIALEAH, FL US","1997-04-28","89","75"
"USC00083909","HIALEAH, FL US","1997-04-29","89","72"
"USC00083909","HIALEAH, FL US","1997-04-30","87","70"
"USC00083909","HIALEAH, FL US","1997-05-01","89","74"
"USC00083909","HIALEAH, FL US","1997-05-02","88","72"
"USC00083909","HIALEAH, FL US","1997-05-03","90","74"
"USC00083909","HIALEAH, FL US","1997-05-04","95","71"
"USC00083909","HIALEAH, FL US","1997-05-05","81","71"
"USC00083909","HIALEAH, FL US","1997-05-06","83","68"
"USC00083909","HIALEAH, FL US","1997-05-07","83","72"
"USC00083909","HIALEAH, FL US","1997-05-08","87","73"
"USC00083909","HIALEAH, FL US","1997-05-09","88","75"
"USC00083909","HIALEAH, FL US","1997-05-10","89","72"
"USC00083909","HIALEAH, FL US","1997-05-11","88","71"
"USC00083909","HIALEAH, FL US","1997-05-12","90","72"
"USC00083909","HIALEAH, FL US","1997-05-13","88","73"
"USC00083909","HIALEAH, FL US","1997-05-14","90","75"
"USC00083909","HIALEAH, FL US","1997-05-15","91","74"
"USC00083909","HIALEAH, FL US","1997-05-16","87","76"
"USC00083909","HIALEAH, FL US","1997-05-17","84","75"
"USC00083909","HIALEAH, FL US","1997-05-18","88","80"
"USC00083909","HIALEAH, FL US","1997-05-20","90","78"
"USC00083909","HIALEAH, FL US","1997-05-21","93","78"
"USC00083909","HIALEAH, FL US","1997-05-22","95","82"
"USC00083909","HIALEAH, FL US","1997-05-23","94","81"
"USC00083909","HIALEAH, FL US","1997-05-24","88","78"
"USC00083909","HIALEAH, FL US","1997-05-25","89","77"
"USC00083909","HIALEAH, FL US","1997-05-26","96","78"
"USC00083909","HIALEAH, FL US","1997-05-27","92","76"
"USC00083909","HIALEAH, FL US","1997-05-28","90","77"
"USC00083909","HIALEAH, FL US","1997-05-29","85","73"
"USC00083909","HIALEAH, FL US","1997-05-30","88","77"
"USC00083909","HIALEAH, FL US","1997-05-31","92","78"
"USC00083909","HIALEAH, FL US","1997-06-01","87","72"
"USC00083909","HIALEAH, FL US","1997-06-02","91","76"
"USC00083909","HIALEAH, FL US","1997-06-03","91","75"
"USC00083909","HIALEAH, FL US","1997-06-04","91","74"
"USC00083909","HIALEAH, FL US","1997-06-05","89","73"
"USC00083909","HIALEAH, FL US","1997-06-06","92","73"
"USC00083909","HIALEAH, FL US","1997-06-07","92","76"
"USC00083909","HIALEAH, FL US","1997-06-08","84","79"
"USC00083909","HIALEAH, FL US","1997-06-09","79","72"
"USC00083909","HIALEAH, FL US","1997-06-10","88","76"
"USC00083909","HIALEAH, FL US","1997-06-11","92","78"
"USC00083909","HIALEAH, FL US","1997-06-12","87","78"
"USC00083909","HIALEAH, FL US","1997-06-13","81","78"
"USC00083909","HIALEAH, FL US","1997-06-14","92","74"
"USC00083909","HIALEAH, FL US","1997-06-15","90","79"
"USC00083909","HIALEAH, FL US","1997-06-16","94","80"
"USC00083909","HIALEAH, FL US","1997-06-17","94","79"
"USC00083909","HIALEAH, FL US","1997-06-18","94","76"
"USC00083909","HIALEAH, FL US","1997-06-19","94","77"
"USC00083909","HIALEAH, FL US","1997-06-20","94","76"
"USC00083909","HIALEAH, FL US","1997-06-21","92","74"
"USC00083909","HIALEAH, FL US","1997-06-22","94","83"
"USC00083909","HIALEAH, FL US","1997-06-23","91","79"
"USC00083909","HIALEAH, FL US","1997-06-24","91","82"
"USC00083909","HIALEAH, FL US","1997-06-25","91","81"
"USC00083909","HIALEAH, FL US","1997-06-26","92","80"
"USC00083909","HIALEAH, FL US","1997-06-27","91","79"
"USC00083909","HIALEAH, FL US","1997-06-28","91","80"
"USC00083909","HIALEAH, FL US","1997-06-29","92","80"
"USC00083909","HIALEAH, FL US","1997-06-30","93","79"
"USC00083909","HIALEAH, FL US","1997-07-01","96","79"
"USC00083909","HIALEAH, FL US","1997-07-02","93","79"
"USC00083909","HIALEAH, FL US","1997-07-03","93","85"
"USC00083909","HIALEAH, FL US","1997-07-04","95","78"
"USC00083909","HIALEAH, FL US","1997-07-05","93","82"
"USC00083909","HIALEAH, FL US","1997-07-06","93","81"
"USC00083909","HIALEAH, FL US","1997-07-07","93","83"
"USC00083909","HIALEAH, FL US","1997-07-08","94","78"
"USC00083909","HIALEAH, FL US","1997-07-09","94","79"
"USC00083909","HIALEAH, FL US","1997-07-10","93","79"
"USC00083909","HIALEAH, FL US","1997-07-11","93","79"
"USC00083909","HIALEAH, FL US","1997-07-12","94","74"
"USC00083909","HIALEAH, FL US","1997-07-13","91","79"
"USC00083909","HIALEAH, FL US","1997-07-14","90","76"
"USC00083909","HIALEAH, FL US","1997-07-15","91","77"
"USC00083909","HIALEAH, FL US","1997-07-16","90","77"
"USC00083909","HIALEAH, FL US","1997-07-17","94","79"
"USC00083909","HIALEAH, FL US","1997-07-18","95","79"
"USC00083909","HIALEAH, FL US","1997-07-19","94","76"
"USC00083909","HIALEAH, FL US","1997-07-20","93","75"
"USC00083909","HIALEAH, FL US","1997-07-21","91","83"
"USC00083909","HIALEAH, FL US","1997-07-22","90","82"
"USC00083909","HIALEAH, FL US","1997-07-23","92","81"
"USC00083909","HIALEAH, FL US","1997-07-24","91","82"
"USC00083909","HIALEAH, FL US","1997-07-25","92","80"
"USC00083909","HIALEAH, FL US","1997-07-26","92","80"
"USC00083909","HIALEAH, FL US","1997-07-27","93","83"
"USC00083909","HIALEAH, FL US","1997-07-28","92","81"
"USC00083909","HIALEAH, FL US","1997-07-29","94","81"
"USC00083909","HIALEAH, FL US","1997-07-30","95","84"
"USC00083909","HIALEAH, FL US","1997-07-31","94","80"
"USC00083909","HIALEAH, FL US","1997-08-01","95","78"
"USC00083909","HIALEAH, FL US","1997-08-02","93","80"
"USC00083909","HIALEAH, FL US","1997-08-03","94","75"
"USC00083909","HIALEAH, FL US","1997-08-04","95","79"
"USC00083909","HIALEAH, FL US","1997-08-05","95","80"
"USC00083909","HIALEAH, FL US","1997-08-06","95","79"
"USC00083909","HIALEAH, FL US","1997-08-07","92","79"
"USC00083909","HIALEAH, FL US","1997-08-08","93","77"
"USC00083909","HIALEAH, FL US","1997-08-09","92","74"
"USC00083909","HIALEAH, FL US","1997-08-10","92","77"
"USC00083909","HIALEAH, FL US","1997-08-11","91","80"
"USC00083909","HIALEAH, FL US","1997-08-12","93","84"
"USC00083909","HIALEAH, FL US","1997-08-13","93","82"
"USC00083909","HIALEAH, FL US","1997-08-14","92","81"
"USC00083909","HIALEAH, FL US","1997-08-15","94","82"
"USC00083909","HIALEAH, FL US","1997-08-16","94","83"
"USC00083909","HIALEAH, FL US","1997-08-17","93","82"
"USC00083909","HIALEAH, FL US","1997-08-18","94","80"
"USC00083909","HIALEAH, FL US","1997-08-19","95","83"
"USC00083909","HIALEAH, FL US","1997-08-20","95","80"
"USC00083909","HIALEAH, FL US","1997-08-21","92","79"
"USC00083909","HIALEAH, FL US","1997-08-22","92","82"
"USC00083909","HIALEAH, FL US","1997-08-23","93","77"
"USC00083909","HIALEAH, FL US","1997-08-24","93","77"
"USC00083909","HIALEAH, FL US","1997-08-25","93","75"
"USC00083909","HIALEAH, FL US","1997-08-26","90","75"
"USC00083909","HIALEAH, FL US","1997-08-27","90","79"
"USC00083909","HIALEAH, FL US","1997-08-28","91","77"
"USC00083909","HIALEAH, FL US","1997-08-29","91","80"
"USC00083909","HIALEAH, FL US","1997-08-30","90","76"
"USC00083909","HIALEAH, FL US","1997-08-31","93","79"
"USC00083909","HIALEAH, FL US","1997-09-01","91","79"
"USC00083909","HIALEAH, FL US","1997-09-02","89","78"
"USC00083909","HIALEAH, FL US","1997-09-03","92","79"
"USC00083909","HIALEAH, FL US","1997-09-04","89","77"
"USC00083909","HIALEAH, FL US","1997-09-05","85","77"
"USC00083909","HIALEAH, FL US","1997-09-06","84","74"
"USC00083909","HIALEAH, FL US","1997-09-07","87","72"
"USC00083909","HIALEAH, FL US","1997-09-08","90","78"
"USC00083909","HIALEAH, FL US","1997-09-09","89","76"
"USC00083909","HIALEAH, FL US","1997-09-10","90","78"
"USC00083909","HIALEAH, FL US","1997-09-11","90","77"
"USC00083909","HIALEAH, FL US","1997-09-12","92","76"
"USC00083909","HIALEAH, FL US","1997-09-13","90","75"
"USC00083909","HIALEAH, FL US","1997-09-14","90","74"
"USC00083909","HIALEAH, FL US","1997-09-15","85","75"
"USC00083909","HIALEAH, FL US","1997-09-16","90","78"
"USC00083909","HIALEAH, FL US","1997-09-17","88","77"
"USC00083909","HIALEAH, FL US","1997-09-18","90","77"
"USC00083909","HIALEAH, FL US","1997-09-19","88","75"
"USC00083909","HIALEAH, FL US","1997-09-20","90","75"
"USC00083909","HIALEAH, FL US","1997-09-21","89","75"
"USC00083909","HIALEAH, FL US","1997-09-22","90","76"
"USC00083909","HIALEAH, FL US","1997-09-23","91","80"
"USC00083909","HIALEAH, FL US","1997-09-24","91","80"
"USC00083909","HIALEAH, FL US","1997-09-25","92","82"
"USC00083909","HIALEAH, FL US","1997-09-26","89","78"
"USC00083909","HIALEAH, FL US","1997-09-27","88","81"
"USC00083909","HIALEAH, FL US","1997-09-28","90","80"
"USC00083909","HIALEAH, FL US","1997-09-29","91","81"
"USC00083909","HIALEAH, FL US","1997-09-30","90","80"
"USC00083909","HIALEAH, FL US","1997-10-01","91","80"
"USC00083909","HIALEAH, FL US","1997-10-02","90","74"
"USC00083909","HIALEAH, FL US","1997-10-04","92","75"
"USC00083909","HIALEAH, FL US","1997-10-05","88","77"
"USC00083909","HIALEAH, FL US","1997-10-06","90","78"
"USC00083909","HIALEAH, FL US","1997-10-07","89","76"
"USC00083909","HIALEAH, FL US","1997-10-08","88","76"
"USC00083909","HIALEAH, FL US","1997-10-09","88","80"
"USC00083909","HIALEAH, FL US","1997-10-10","92","78"
"USC00083909","HIALEAH, FL US","1997-10-11","92","79"
"USC00083909","HIALEAH, FL US","1997-10-12","90","74"
"USC00083909","HIALEAH, FL US","1997-10-13","89","72"
"USC00083909","HIALEAH, FL US","1997-10-14","86","78"
"USC00083909","HIALEAH, FL US","1997-10-15","86","71"
"USC00083909","HIALEAH, FL US","1997-10-16","87","72"
"USC00083909","HIALEAH, FL US","1997-10-17","88","76"
"USC00083909","HIALEAH, FL US","1997-10-18","84","74"
"USC00083909","HIALEAH, FL US","1997-10-19","82","62"
"USC00083909","HIALEAH, FL US","1997-10-20","82","68"
"USC00083909","HIALEAH, FL US","1997-10-21","88","66"
"USC00083909","HIALEAH, FL US","1997-10-22","88","67"
"USC00083909","HIALEAH, FL US","1997-10-23","85","68"
"USC00083909","HIALEAH, FL US","1997-10-24","85","71"
"USC00083909","HIALEAH, FL US","1997-10-25","90","79"
"USC00083909","HIALEAH, FL US","1997-10-26","88","82"
"USC00083909","HIALEAH, FL US","1997-10-27","83","69"
"USC00083909","HIALEAH, FL US","1997-10-28","90","70"
"USC00083909","HIALEAH, FL US","1997-10-29","87","78"
"USC00083909","HIALEAH, FL US","1997-10-30","88","78"
"USC00083909","HIALEAH, FL US","1997-10-31","88","77"
"USC00083909","HIALEAH, FL US","1997-11-01","89","77"
"USC00083909","HIALEAH, FL US","1997-11-02","91","66"
"USC00083909","HIALEAH, FL US","1997-11-03","79","67"
"USC00083909","HIALEAH, FL US","1997-11-04","77","67"
"USC00083909","HIALEAH, FL US","1997-11-05","82","68"
"USC00083909","HIALEAH, FL US","1997-11-06","87","67"
"USC00083909","HIALEAH, FL US","1997-11-07","86","67"
"USC00083909","HIALEAH, FL US","1997-11-08","86","66"
"USC00083909","HIALEAH, FL US","1997-11-09","77","65"
"USC00083909","HIALEAH, FL US","1997-11-10","76","65"
"USC00083909","HIALEAH, FL US","1997-11-11","80","68"
"USC00083909","HIALEAH, FL US","1997-11-12","85","77"
"USC00083909","HIALEAH, FL US","1997-11-13","85","79"
"USC00083909","HIALEAH, FL US","1997-11-14","84","66"
"USC00083909","HIALEAH, FL US","1997-11-15","84","68"
"USC00083909","HIALEAH, FL US","1997-11-16","82","64"
"USC00083909","HIALEAH, FL US","1997-11-17","79","62"
"USC00083909","HIALEAH, FL US","1997-11-18","80","67"
"USC00083909","HIALEAH, FL US","1997-11-19","82","65"
"USC00083909","HIALEAH, FL US","1997-11-20","81","75"
"USC00083909","HIALEAH, FL US","1997-11-21","83","76"
"USC00083909","HIALEAH, FL US","1997-11-22","86","73"
"USC00083909","HIALEAH, FL US","1997-11-23","83","70"
"USC00083909","HIALEAH, FL US","1997-11-24","80","72"
"USC00083909","HIALEAH, FL US","1997-11-25","79","73"
"USC00083909","HIALEAH, FL US","1997-11-26","82","69"
"USC00083909","HIALEAH, FL US","1997-11-27","81","74"
"USC00083909","HIALEAH, FL US","1997-11-28","81","76"
"USC00083909","HIALEAH, FL US","1997-11-29","81","73"
"USC00083909","HIALEAH, FL US","1997-11-30","88","66"
"USC00083909","HIALEAH, FL US","1997-12-01","78","61"
"USC00083909","HIALEAH, FL US","1997-12-02","79","69"
"USC00083909","HIALEAH, FL US","1997-12-03","82","75"
"USC00083909","HIALEAH, FL US","1997-12-04","78","67"
"USC00083909","HIALEAH, FL US","1997-12-05","74","56"
"USC00083909","HIALEAH, FL US","1997-12-06","68","58"
"USC00083909","HIALEAH, FL US","1997-12-07","68","60"
"USC00083909","HIALEAH, FL US","1997-12-08","78","76"
"USC00083909","HIALEAH, FL US","1997-12-09","82","77"
"USC00083909","HIALEAH, FL US","1997-12-10","90","76"
"USC00083909","HIALEAH, FL US","1997-12-11","88","75"
"USC00083909","HIALEAH, FL US","1997-12-12","87","74"
"USC00083909","HIALEAH, FL US","1997-12-13","82","73"
"USC00083909","HIALEAH, FL US","1997-12-14","75","58"
"USC00083909","HIALEAH, FL US","1997-12-15","69","54"
"USC00083909","HIALEAH, FL US","1997-12-16","73","55"
"USC00083909","HIALEAH, FL US","1997-12-17","75","53"
"USC00083909","HIALEAH, FL US","1997-12-18","67","59"
"USC00083909","HIALEAH, FL US","1997-12-19","77","65"
"USC00083909","HIALEAH, FL US","1997-12-20","78","68"
"USC00083909","HIALEAH, FL US","1997-12-21","81","73"
"USC00083909","HIALEAH, FL US","1997-12-22","83","75"
"USC00083909","HIALEAH, FL US","1997-12-23","83","74"
"USC00083909","HIALEAH, FL US","1997-12-24","84","74"
"USC00083909","HIALEAH, FL US","1997-12-25","84","73"
"USC00083909","HIALEAH, FL US","1997-12-26","86","75"
"USC00083909","HIALEAH, FL US","1997-12-27","85","56"
"USC00083909","HIALEAH, FL US","1997-12-28","65","60"
"USC00083909","HIALEAH, FL US","1997-12-29","70","57"
"USC00083909","HIALEAH, FL US","1997-12-30","70","53"
"USC00083909","HIALEAH, FL US","1997-12-31","76","50"
"USC00083909","HIALEAH, FL US","1998-01-01","70","66"
"USC00083909","HIALEAH, FL US","1998-01-02","76","71"
"USC00083909","HIALEAH, FL US","1998-01-03","80","74"
"USC00083909","HIALEAH, FL US","1998-01-04","82","77"
"USC00083909","HIALEAH, FL US","1998-01-05","81","73"
"USC00083909","HIALEAH, FL US","1998-01-06","82","75"
"USC00083909","HIALEAH, FL US","1998-01-07","81","74"
"USC00083909","HIALEAH, FL US","1998-01-08","85","70"
"USC00083909","HIALEAH, FL US","1998-01-09","83","65"
"USC00083909","HIALEAH, FL US","1998-01-10","77","62"
"USC00083909","HIALEAH, FL US","1998-01-11","79","62"
"USC00083909","HIALEAH, FL US","1998-01-12","78","70"
"USC00083909","HIALEAH, FL US","1998-01-13","80","64"
"USC00083909","HIALEAH, FL US","1998-01-14","80","71"
"USC00083909","HIALEAH, FL US","1998-01-15","80","71"
"USC00083909","HIALEAH, FL US","1998-01-16","80","59"
"USC00083909","HIALEAH, FL US","1998-01-17","80","60"
"USC00083909","HIALEAH, FL US","1998-01-18","82","63"
"USC00083909","HIALEAH, FL US","1998-01-19","77","65"
"USC00083909","HIALEAH, FL US","1998-01-20","80","69"
"USC00083909","HIALEAH, FL US","1998-01-21","78","75"
"USC00083909","HIALEAH, FL US","1998-01-22","79","74"
"USC00083909","HIALEAH, FL US","1998-01-23","81","68"
"USC00083909","HIALEAH, FL US","1998-01-24","80","56"
"USC00083909","HIALEAH, FL US","1998-01-25","71","68"
"USC00083909","HIALEAH, FL US","1998-01-26","77","66"
"USC00083909","HIALEAH, FL US","1998-01-27","79","57"
"USC00083909","HIALEAH, FL US","1998-01-28","73","51"
"USC00083909","HIALEAH, FL US","1998-01-29","73","53"
"USC00083909","HIALEAH, FL US","1998-01-30","68","51"
"USC00083909","HIALEAH, FL US","1998-01-31","71","68"
"USC00083909","HIALEAH, FL US","1998-02-01","71","70"
"USC00083909","HIALEAH, FL US","1998-02-02","78","71"
"USC00083909","HIALEAH, FL US","1998-02-03","75","63"
"USC00083909","HIALEAH, FL US","1998-02-04","75","61"
"USC00083909","HIALEAH, FL US","1998-02-05","76","53"
"USC00083909","HIALEAH, FL US","1998-02-06","67","55"
"USC00083909","HIALEAH, FL US","1998-02-07","67","52"
"USC00083909","HIALEAH, FL US","1998-02-08","69","51"
"USC00083909","HIALEAH, FL US","1998-02-09","70","59"
"USC00083909","HIALEAH, FL US","1998-02-10","76","68"
"USC00083909","HIALEAH, FL US","1998-02-11","79","66"
"USC00083909","HIALEAH, FL US","1998-02-12","83","61"
"USC00083909","HIALEAH, FL US","1998-02-13","83","63"
"USC00083909","HIALEAH, FL US","1998-02-14","82","68"
"USC00083909","HIALEAH, FL US","1998-02-15","75","73"
"USC00083909","HIALEAH, FL US","1998-02-17","85","64"
"USC00083909","HIALEAH, FL US","1998-02-18","83","69"
"USC00083909","HIALEAH, FL US","1998-02-19","85","74"
"USC00083909","HIALEAH, FL US","1998-02-20","85","64"
"USC00083909","HIALEAH, FL US","1998-02-21","80","74"
"USC00083909","HIALEAH, FL US","1998-02-22","84","76"
"USC00083909","HIALEAH, FL US","1998-02-23","82","57"
"USC00083909","HIALEAH, FL US","1998-02-24","75","56"
"USC00083909","HIALEAH, FL US","1998-02-25","77","59"
"USC00083909","HIALEAH, FL US","1998-02-26","79","70"
"USC00083909","HIALEAH, FL US","1998-02-27","78","71"
"USC00083909","HIALEAH, FL US","1998-02-28","80","72"
"USC00083909","HIALEAH, FL US","1998-03-01","85","62"
"USC00083909","HIALEAH, FL US","1998-03-02","75","52"
"USC00083909","HIALEAH, FL US","1998-03-03","75","55"
"USC00083909","HIALEAH, FL US","1998-03-04","72","56"
"USC00083909","HIALEAH, FL US","1998-03-05","77","70"
"USC00083909","HIALEAH, FL US","1998-03-06","81","72"
"USC00083909","HIALEAH, FL US","1998-03-07","80","70"
"USC00083909","HIALEAH, FL US","1998-03-08","82","58"
"USC00083909","HIALEAH, FL US","1998-03-09","80","59"
"USC00083909","HIALEAH, FL US","1998-03-10","84","48"
"USC00083909","HIALEAH, FL US","1998-03-11","70","50"
"USC00083909","HIALEAH, FL US","1998-03-12","69","50"
"USC00083909","HIALEAH, FL US","1998-03-13","70","53"
"USC00083909","HIALEAH, FL US","1998-03-14","75","64"
"USC00083909","HIALEAH, FL US","1998-03-15","77","66"
"USC00083909","HIALEAH, FL US","1998-03-16","78","71"
"USC00083909","HIALEAH, FL US","1998-03-17","79","72"
"USC00083909","HIALEAH, FL US","1998-03-18","80","74"
"USC00083909","HIALEAH, FL US","1998-03-19","80","68"
"USC00083909","HIALEAH, FL US","1998-03-20","84","66"
"USC00083909","HIALEAH, FL US","1998-03-21","78","58"
"USC00083909","HIALEAH, FL US","1998-03-22","70","56"
"USC00083909","HIALEAH, FL US","1998-03-23","71","57"
"USC00083909","HIALEAH, FL US","1998-03-24","78","70"
"USC00083909","HIALEAH, FL US","1998-03-25","79","70"
"USC00083909","HIALEAH, FL US","1998-03-26","78","70"
"USC00083909","HIALEAH, FL US","1998-03-27","78","73"
"USC00083909","HIALEAH, FL US","1998-03-28","78","75"
"USC00083909","HIALEAH, FL US","1998-03-29","84","76"
"USC00083909","HIALEAH, FL US","1998-03-30","84","77"
"USC00083909","HIALEAH, FL US","1998-03-31","83","72"
"USC00083909","HIALEAH, FL US","1998-04-01","80","77"
"USC00083909","HIALEAH, FL US","1998-04-02","86","74"
"USC00083909","HIALEAH, FL US","1998-04-03","89","70"
"USC00083909","HIALEAH, FL US","1998-04-04","86","66"
"USC00083909","HIALEAH, FL US","1998-04-05","83","72"
"USC00083909","HIALEAH, FL US","1998-04-06","84","75"
"USC00083909","HIALEAH, FL US","1998-04-07","85","76"
"USC00083909","HIALEAH, FL US","1998-04-08","90","74"
"USC00083909","HIALEAH, FL US","1998-04-09","89","76"
"USC00083909","HIALEAH, FL US","1998-04-12","84","68"
"USC00083909","HIALEAH, FL US","1998-04-13","78","69"
"USC00083909","HIALEAH, FL US","1998-04-14","80","69"
"USC00083909","HIALEAH, FL US","1998-04-15","82","72"
"USC00083909","HIALEAH, FL US","1998-04-16","83","76"
"USC00083909","HIALEAH, FL US","1998-04-17","85","75"
"USC00083909","HIALEAH, FL US","1998-04-18","85","75"
"USC00083909","HIALEAH, FL US","1998-04-19","85","74"
"USC00083909","HIALEAH, FL US","1998-04-20","86","75"
"USC00083909","HIALEAH, FL US","1998-04-21","90","68"
"USC00083909","HIALEAH, FL US","1998-04-22","88","63"
"USC00083909","HIALEAH, FL US","1998-04-23","81","61"
"USC00083909","HIALEAH, FL US","1998-04-24","82","67"
"USC00083909","HIALEAH, FL US","1998-04-25","81","66"
"USC00083909","HIALEAH, FL US","1998-04-26","79","70"
"USC00083909","HIALEAH, FL US","1998-04-27","87","74"
"USC00083909","HIALEAH, FL US","1998-04-28","87","72"
"USC00083909","HIALEAH, FL US","1998-04-29","80","75"
"USC00083909","HIALEAH, FL US","1998-05-01","90","71"
"USC00083909","HIALEAH, FL US","1998-05-02","90","70"
"USC00083909","HIALEAH, FL US","1998-05-03","89","74"
"USC00083909","HIALEAH, FL US","1998-05-04","88","70"
"USC00083909","HIALEAH, FL US","1998-05-05","91","78"
